Provinsi,Kabupaten/Kota,Indeks Ketahanan Pangan (IKP),,,,Kriteria Kerentanan Pangan,,,,Produktivitas Padi (ku/ha) (Ku/ha),,,,Luas Panen Padi (ku/ha) (Ku/ha),,,,Indeks Pembangunan Manusia,,,,Rata-Rata Lama Sekolah,,,,Indeks Pembangunan Gender,,,,Angka Partisipasi Murni SD,,,,Angka Partisipasi Murni SMP,,,,Persentase Akses Sanitasi Layak,,,,Angka Harapan Hidup,,,,Indeks Kesehatan,,,,Akses ke Sarana Kesehatan,,,,Asuransi Jaminan Kesehatan BPJS,,,
,,2022,2023,2024,2025,2022,2023,2024,2025,2022,2023,2024,2025,2022,2023,2024,2025,2022,2023,2024,2025,2022,2023,2024,2025,2022,2023,2024,2025,2022,2023,2024,2025,2022,2023,2024,2025,2022,2023,2024,2025,2022,2023,2024,2025,2022,2023,2024,2025,2022,2023,2024,2025,2022,2023,2024,2025
Aceh,Simeulue,74.63,72.51,77.54,62.12,5,5,4,4,25.50,38.13,34.22,33.07,4568.38,5780.84,6809.33,7485.00,69.17,69.98,70.95,71.94,9.73,9.81,9.89,10.09,78.87,79.41,79.87,80.26,99.87,99.60,99.60,97.20,94.92,89.52,86.92,90.16,70.21,72.67,76.51,,69.44,69.57,69.69,69.92,0.76,0.76,0.76,0.77,,,96,114,98.95,,,
,Aceh Singkil,51.88,47.06,46.10,56.42,3,2,3,3,55.26,45.55,37.90,38.23,398.80,568.49,477.29,291.00,70.61,71.14,71.76,72.62,8.69,8.70,8.72,9.05,84.97,85.23,85.50,85.75,99.36,99.37,99.34,99.19,87.88,88.13,84.54,88.04,78.92,67.93,63.22,,69.72,69.85,69.96,70.15,0.76,0.77,0.77,0.77,,,74,74,94.27,,,
,Aceh Selatan,71.02,71.11,73.84,77.25,5,5,5,5,44.67,49.11,46.44,55.34,6780.36,9437.58,8660.18,8582.00,70.56,71.14,71.82,72.79,8.89,8.91,8.92,9.25,91.99,92.12,92.39,92.79,99.92,99.25,97.63,97.03,91.37,82.79,80.02,83.35,70.83,74.54,77.96,,70.15,70.33,70.49,70.81,0.77,0.77,0.78,0.78,,,135,176,95.25,,,
,Aceh Tenggara,77.39,78.47,76.87,69.16,6,6,4,4,65.72,58.99,62.25,63.08,10572.44,10809.75,11780.75,10322.00,72.18,72.93,73.59,74.36,9.92,10.09,10.10,10.39,93.11,93.28,93.38,93.72,99.99,99.82,98.39,95.03,97.40,83.28,86.69,79.32,62.88,65.08,64.01,,72.43,72.62,72.75,73.01,0.81,0.81,0.81,0.82,,,86,84,93.93,,,
,Aceh Timur,76.55,75.78,77.19,65.17,6,6,4,4,53.00,51.71,51.55,51.05,24556.61,20932.84,28474.38,29390.00,70.13,70.73,71.29,72.20,8.32,8.47,8.48,8.80,86.50,86.98,87.33,87.75,97.51,97.28,96.31,95.04,87.43,86.68,85.80,83.67,69.06,70.01,73.59,,72.00,72.13,72.24,72.45,0.80,0.80,0.80,0.81,,,147,150,97.58,,,
,Aceh Tengah,63.93,65.57,69.08,74.61,4,4,5,5,48.77,47.79,54.83,60.87,2821.09,2768.66,2973.25,2486.00,75.79,76.45,77.27,78.09,9.87,9.89,10.03,10.35,97.35,97.50,98.03,98.20,99.25,99.46,97.89,97.42,85.92,86.89,85.94,77.18,89.69,92.61,86.34,,72.81,72.93,73.04,73.29,0.81,0.81,0.82,0.82,,,85,90,96.25,,,
,Aceh Barat,77.56,79.95,78.27,73.88,6,6,5,5,49.70,52.08,54.82,53.53,12703.03,10428.34,12393.78,15155.00,74.09,74.62,75.45,76.30,9.87,9.98,9.99,10.27,85.98,86.36,86.72,87.22,99.52,99.47,98.16,97.52,87.40,79.58,85.51,82.01,88.39,90.16,91.09,,71.76,71.89,72.03,72.31,0.80,0.80,0.80,0.80,,,92,101,97.93,,,
,Aceh Besar,81.49,85.62,84.72,73.55,6,6,5,5,56.37,51.81,51.82,55.36,35497.59,29496.99,34411.09,29943.00,75.44,75.98,76.57,77.46,10.35,10.36,10.37,10.69,95.22,95.29,95.60,96.01,99.13,99.00,99.07,97.14,85.11,86.53,86.23,83.94,83.49,89.07,90.30,,72.97,73.11,73.24,73.51,0.81,0.82,0.82,0.82,,,166,158,95.78,,,
,Pidie,72.52,75.69,76.69,63.35,5,6,4,4,60.46,64.48,62.62,61.99,31167.20,35041.24,38255.8,43252.00,72.49,72.95,73.60,74.46,9.02,9.03,9.04,9.37,93.81,93.92,94.02,94.04,97.51,97.82,95.96,95.29,84.58,85.28,82.30,76.26,54.68,60.36,63.88,,69.75,69.88,69.99,70.19,0.77,0.77,0.77,0.77,,,148,138,97.26,,,
,Bireuen,78.79,81.34,80.83,76.22,6,6,5,5,60.88,60.01,60.71,57.91,22512.74,22234.26,26385.77,21188.00,74.10,74.56,75.39,76.29,9.31,9.32,9.59,9.92,95.01,95.08,95.51,95.52,98.63,98.30,98.33,97.11,83.78,81.51,81.31,77.09,85.39,84.96,88.26,,73.50,73.66,73.82,74.13,0.82,0.83,0.83,0.83,,,161,136,97.00,,,
,Aceh Utara,75.85,76.66,77.12,65.07,6,6,4,4,59.76,53.78,56.09,58.40,54188.72,44037.18,61388.38,52937.00,71.85,72.50,73.35,74.29,8.73,8.85,9.11,9.38,92.85,93.30,93.45,93.47,99.15,99.35,97.93,96.90,86.10,89.15,87.56,82.88,78.92,77.95,80.63,,72.50,72.63,72.75,73.01,0.81,0.81,0.81,0.82,,,189,182,97.48,,,
,Aceh Barat Daya,75.91,76.93,78.05,68.91,6,6,4,4,57.85,54.53,55.15,66.77,11814.76,9821.66,11834.21,11895.00,69.79,70.47,71.16,72.10,8.68,8.77,8.78,9.11,89.96,90.27,90.56,90.96,98.34,98.62,98.64,94.89,81.23,64.29,70.10,80.66,65.94,64.69,69.39,,70.28,70.47,70.63,70.95,0.77,0.78,0.78,0.78,,,66,62,99.13,,,
,Gayo Lues,72.31,75.49,77.06,72.05,5,5,5,5,58.15,57.08,51.46,49.20,4924.05,4853.1,4461.97,4695.00,70.12,70.82,71.75,72.61,8.41,8.42,8.44,8.75,89.48,89.63,90.17,90.84,99.94,99.50,98.40,95.43,97.70,92.81,90.38,95.17,46.33,46.05,49.79,,69.64,69.80,69.92,70.12,0.76,0.77,0.77,0.77,,,62,65,91.44,,,
,Aceh Tamiang,79.33,81.41,81.16,78.20,6,6,6,6,37.12,44.73,47.48,49.99,16139.14,14641.18,14990.98,14338.00,72.08,73.02,74.00,74.78,9.04,9.24,9.30,9.42,82.09,82.38,83.08,83.77,99.99,99.64,98.05,94.44,94.07,88.47,86.17,75.84,82.74,78.61,85.93,,73.46,73.63,73.79,74.12,0.82,0.83,0.83,0.83,,,86,96,89.03,,,
,Nagan Raya,74.47,76.29,76.60,74.36,5,6,5,5,49.51,46.92,38.66,45.19,6501.18,8753.48,9234.82,6284.00,71.46,72.15,73.10,73.87,8.95,8.96,9.25,9.57,90.82,91.02,91.41,91.43,97.79,98.16,98.12,98.72,82.06,79.24,77.46,78.45,79.97,82.72,87.32,,72.39,72.53,72.67,72.95,0.81,0.81,0.81,0.81,,,99,102,98.49,,,
,Aceh Jaya,77.41,80.22,79.69,81.09,6,6,6,6,43.42,59.63,53.86,60.33,9853.90,9029.91,9772.05,7570.00,71.92,72.44,73.40,74.20,8.72,8.74,9.02,9.34,89.62,89.80,90.14,90.33,99.59,99.42,98.28,99.05,82.68,82.21,74.51,71.09,78.05,78.83,82.31,,70.62,70.76,70.89,71.15,0.78,0.78,0.78,0.79,,,60,51,98.83,,,
,Bener Meriah,48.14,45.67,46.98,69.88,2,2,5,5,53.99,55.02,48.93,51.81,317.77,311.74,287.83,281.00,75.46,76.06,76.58,77.48,10.01,10.12,10.13,10.41,96.79,96.76,96.87,97.26,99.13,98.89,97.03,98.18,90.30,89.80,90.06,89.31,81.56,87.04,88.05,,72.69,72.85,73.00,73.27,0.81,0.81,0.82,0.82,,,64,66,96.15,,,
,Pidie Jaya,76.06,77.69,78.95,65.84,6,6,4,4,68.35,71.22,67.70,71.86,12943.74,11855.8,15204.8,13389.00,75.59,76.04,76.39,77.04,9.53,9.58,9.59,9.80,94.99,95.27,95.54,95.62,99.54,99.08,97.66,97.10,88.19,77.23,78.89,83.53,73.49,78.07,80.82,,72.98,73.16,73.31,73.62,0.82,0.82,0.82,0.82,,,53,57,96.94,,,
,Kota Banda Aceh,84.36,86.97,87.96,76.10,6,6,5,5,55.83,49.41,50.79,50.68,13.07,10.09,12.89,16.00,87.92,88.32,88.85,89.55,13.03,13.04,13.10,13.37,95.91,96.19,97.11,97.34,99.92,99.73,99.70,98.26,93.63,79.67,82.46,90.16,96.88,99.91,99.39,,74.80,75.02,75.25,75.74,0.84,0.85,0.85,0.86,,,144,159,90.70,,,
,Kota Sabang,61.70,73.88,73.80,64.68,5,6,4,4,–,-,-,44.87,–,–,–,3.00,78.03,78.70,79.50,80.04,11.19,11.20,11.22,11.23,95.60,95.64,96.07,96.38,99.90,99.24,99.27,96.74,94.02,87.55,89.61,80.18,89.52,93.96,95.90,,73.17,73.34,73.52,73.88,0.82,0.82,0.82,0.83,,,33,33,97.37,,,
,Kota Langsa,69.15,76.95,78.05,69.11,5,6,4,4,44.10,44.16,50.38,49.93,1610.27,1692.32,1579.12,1985.00,79.96,80.50,80.96,81.77,11.14,11.27,11.28,11.60,95.56,95.77,96.49,96.80,99.96,99.94,98.07,92.31,89.18,85.39,85.35,72.81,91.92,92.92,94.30,,73.84,73.98,74.11,74.41,0.83,0.83,0.83,0.84,,,48,55,95.82,,,
,Kota Lhokseumawe,69.34,80.67,83.03,68.46,5,6,4,4,54.63,52.33,43.17,51.76,1812.04,1758.58,1781.45,1550.00,79.38,80.26,80.89,81.75,11.12,11.27,11.31,11.64,95.06,95.73,96.59,96.82,99.84,99.73,98.79,93.72,96.69,89.43,86.46,81.57,90.27,90.36,93.71,,74.59,74.76,74.93,75.29,0.84,0.84,0.85,0.85,,,91,77,89.98,,,
,Kota Subulussalam,23.93,36.09,41.12,54.61,1,2,3,3,45.90,53.43,43.78,49.63,53.28,23.35,26.22,142.00,68.72,69.66,70.64,71.63,8.22,8.32,8.43,8.75,85.26,85.36,86.02,86.15,99.95,99.73,98.56,96.02,97.00,87.11,87.29,77.73,72.46,63.40,61.57,,69.55,69.68,69.80,70.01,0.76,0.76,0.77,0.77,,,21,26,93.97,,,
Sumatera Utara,Nias,69.99,71.38,72.41,63.79,5,5,4,4,45.75,44.99,45.32,44.46,8005.34,8481.7,9173.7,9041.00,64.30,65.15,66.13,66.79,5.88,6.14,6.40,6.41,91.28,91.10,91.28,91.50,93.84,99.67,,,60.19,86.80,,,28.17,23.86,28.10,,71.52,71.74,71.89,72.04,0.79,0.80,0.80,0.80,,,42,37,60.52,58.29,,
,Mandailing Natal,66.36,69.54,70.54,68.59,4,5,4,4,39.61,39.47,42.24,40.93,21293.57,19833.89,22625.8,54548.00,72.17,72.65,73.44,74.26,8.76,8.84,9.11,9.17,93.66,93.94,94.13,94.16,101.11,98.72,,,78.00,85.00,,,39.64,35.89,40.14,,71.35,71.72,71.88,72.06,0.79,0.80,0.80,0.80,,,126,125,34.31,48.75,,
,Tapanuli Selatan,72.68,73.40,77.29,68.89,5,5,4,4,49.94,48.64,49.19,48.72,20801.65,18748.74,19965.56,33008.00,73.96,74.58,75.18,75.78,9.34,9.51,9.56,9.60,91.18,90.79,90.91,91.39,99.62,99.02,,,73.48,89.83,,,52.90,51.54,56.26,,71.35,71.61,71.77,71.97,0.79,0.79,0.80,0.80,,,92,95,50.64,57.81,,
,Tapanuli Tengah,70.89,72.18,73.81,66.42,5,5,4,4,39.43,40.31,39.50,37.36,12219.78,12079.15,12136.83,17845.00,72.18,72.77,73.34,73.97,8.86,8.87,8.92,8.93,94.94,95.28,95.44,95.69,92.66,99.99,,,88.17,82.14,,,58.52,60.46,62.60,,71.47,71.76,71.96,72.20,0.79,0.80,0.80,0.80,,,129,125,63.65,66.21,,
,Tapanuli Utara,76.30,77.29,78.14,74.50,6,6,5,5,45.76,50.14,51.29,51.78,29920.67,25293.86,24187.41,27555.00,76.43,76.86,77.48,78.09,10.00,10.09,10.31,10.50,98.57,98.37,98.42,98.57,97.25,99.11,,,77.67,82.41,,,87.76,91.21,89.78,,73.85,74.10,74.36,74.70,0.83,0.83,0.84,0.84,,,99,106,47.91,58.89,,
,Toba Samosir,82.79,83.09,84.33,77.33,6,6,5,5,62.29,67.78,60.14,60.47,17043.74,16361.1,16080.93,18939.00,77.58,77.83,78.44,79.17,10.58,10.59,10.77,#N/A,98.96,98.97,99.03,99.24,101.56,99.59,,,89.44,81.74,,,89.37,93.26,95.84,,74.07,74.22,74.54,74.98,0.83,0.83,0.84,0.85,,,68,76,64.35,65.77,,
,Labuhan Batu,75.83,77.96,76.96,71.23,6,6,5,5,38.80,47.36,52.54,49.97,21455.81,13368.02,14934.95,23464.00,73.96,74.70,75.20,75.79,9.40,9.49,9.50,9.53,90.83,90.83,91.01,91.42,91.39,98.77,,,90.26,84.56,,,80.36,84.79,88.70,,72.55,72.88,73.13,73.45,0.81,0.81,0.82,0.82,,,124,136,46.62,54.34,,
,Asahan,71.65,73.99,76.65,70.66,5,5,5,5,64.62,62.09,59.56,59.37,10185.41,10212.46,11343.52,15677.00,73.18,73.59,74.17,75.13,8.82,8.83,8.85,9.06,92.00,92.19,92.45,92.64,99.84,94.98,,,73.01,78.84,,,89.33,92.13,94.74,,73.07,73.39,73.65,73.93,0.82,0.82,0.83,0.83,,,287,264,54.97,52.97,,
,Simalungun,80.84,81.41,82.42,70.26,6,6,5,5,54.08,52.16,57.42,59.04,27551.55,27573.66,34503.33,31755.00,74.68,75.17,75.88,76.48,9.63,9.72,9.73,9.74,93.52,93.60,94.01,94.15,84.12,95.02,,,77.94,77.26,,,91.25,92.96,94.97,,73.70,74.08,74.30,74.59,0.83,0.83,0.84,0.84,,,302,306,46.96,54.54,,
,Dairi,80.17,82.92,82.50,71.26,6,6,5,5,49.71,49.15,54.20,52.50,7868.10,6821.58,6294.01,8938.00,74.60,75.18,75.88,76.68,9.72,9.88,9.89,10.09,98.69,99.07,99.12,99.26,93.78,99.28,,,87.70,77.47,,,94.14,94.42,97.18,,73.94,74.13,74.38,74.71,0.83,0.83,0.84,0.84,,,175,159,61.86,60.38,,
,Karo,80.36,81.35,82.28,82.09,6,6,6,6,69.15,65.00,54.56,57.80,9834.46,8827.56,8035.59,12496.00,76.37,76.88,77.49,78.10,10.02,10.03,10.12,10.30,96.90,96.90,97.16,97.33,109.80,99.34,,,89.05,91.43,,,85.35,88.11,89.50,,74.14,74.16,74.39,74.71,0.83,0.83,0.84,0.84,,,265,263,62.86,65.19,,
,Deli Serdang,87.15,86.81,86.20,76.91,6,6,5,5,61.03,59.66,62.44,59.66,53984.69,52360.9,50213.59,50094.00,76.86,77.16,77.56,78.29,10.27,10.28,10.29,10.50,91.97,92.24,92.54,92.66,107.47,99.73,,,82.37,81.45,,,91.13,96.78,97.88,,73.44,73.65,73.81,74.02,0.82,0.83,0.83,0.83,,,419,419,50.38,53.18,,
,Langkat,75.36,76.89,79.92,71.06,5,6,5,5,49.46,49.06,48.58,49.43,23569.18,24435.48,24760.51,33115.00,74.03,74.33,74.85,75.58,8.68,8.73,8.74,8.95,89.53,89.34,89.74,90.48,85.20,96.06,,,73.66,77.59,,,86.50,90.65,89.95,,74.02,74.14,74.39,74.72,0.83,0.83,0.84,0.84,,,336,342,54.18,60.64,,
,Nias Selatan,65.80,65.67,65.87,61.68,4,4,4,4,35.09,35.45,35.33,35.95,12719.32,11951.51,12680.38,10450.00,64.05,64.98,65.87,66.74,6.23,6.48,6.52,6.61,89.21,89.72,89.89,90.05,77.90,94.24,,,65.79,75.22,,,12.23,15.63,15.33,,71.29,71.61,71.77,71.92,0.79,0.79,0.80,0.80,,,88,87,33.44,28.20,,
,Humbang Hasundutan,77.91,78.90,81.16,79.04,6,6,6,6,41.26,42.43,43.89,44.96,17992.27,16179.19,17237.91,18228.00,72.05,72.49,73.33,73.93,10.00,10.01,10.13,10.26,98.03,98.06,98.12,98.45,86.52,99.02,,,93.94,78.97,,,93.90,96.99,97.92,,73.82,74.07,74.27,74.55,0.83,0.83,0.83,0.84,,,51,53,64.31,70.87,,
,Pakpak Bharat,70.52,77.32,75.32,70.36,5,6,5,5,36.28,38.77,41.34,37.59,1516.33,1125.85,1675.43,2578.00,71.57,72.30,73.09,73.89,9.39,9.61,9.73,9.94,99.28,99.12,99.35,99.37,102.83,99.20,,,73.84,84.32,,,88.98,83.74,82.96,,72.16,72.61,72.95,73.35,0.80,0.81,0.81,0.82,,,36,38,86.03,85.76,,
,Samosir,75.06,78.89,80.35,76.32,5,6,5,5,56.04,58.47,59.97,60.59,7458.05,7385.8,7114.9,6401.00,72.57,72.93,73.77,74.63,9.46,9.47,9.61,9.81,97.16,97.28,97.58,97.77,107.68,98.95,,,90.18,87.29,,,89.48,93.18,95.68,,73.80,74.10,74.35,74.68,0.83,0.83,0.84,0.84,,,57,58,71.15,77.61,,
,Serdang Bedagai,82.13,83.76,85.35,72.35,6,6,5,5,58.60,60.72,65.17,64.59,50940.35,49742.27,51117.61,55196.00,72.89,73.40,74.15,74.69,8.71,8.85,9.12,9.13,89.29,89.01,89.35,89.98,109.11,98.81,,,67.45,75.08,,,91.98,93.29,94.74,,72.76,73.11,73.39,73.76,0.81,0.82,0.82,0.83,,,191,173,48.16,55.64,,
,Batu Bara,74.65,76.82,78.37,69.31,5,6,4,4,53.35,53.94,58.20,58.26,12827.29,13033.8,11735.98,16282.00,71.75,72.56,73.14,73.92,8.26,8.50,8.51,8.71,83.55,83.83,84.16,84.66,89.20,99.11,,,62.03,80.01,,,88.25,92.54,93.27,,72.29,72.63,72.97,73.40,0.80,0.81,0.81,0.82,,,159,155,51.83,54.58,,
,Padang Lawas Utara,71.74,70.40,75.14,68.99,5,5,4,4,42.42,39.48,39.57,43.34,6859.86,10594.64,11389.81,21912.00,72.77,73.45,74.16,75.12,9.46,9.55,9.82,10.05,88.09,88.29,88.51,88.75,100.65,99.85,,,87.34,92.24,,,71.03,72.22,75.80,,71.32,71.57,71.74,71.94,0.79,0.79,0.80,0.80,,,73,71,38.41,45.08,,
,Padang Lawas,70.97,70.90,76.75,68.90,5,5,4,4,37.78,38.43,39.92,43.60,7377.46,9970.29,11355.56,21692.00,71.41,72.16,73.10,73.90,9.31,9.43,9.63,9.64,86.31,86.60,87.01,87.53,107.07,99.55,,,79.80,85.77,,,65.52,68.32,73.63,,71.27,71.52,71.67,71.87,0.79,0.79,0.79,0.80,,,72,78,48.10,54.79,,
,Labuhan Batu Selatan,54.52,56.18,57.85,66.98,3,3,4,4,39.56,33.98,41.29,44.27,102.00,130.45,102.1,877.00,73.59,74.23,75.11,75.74,8.92,8.93,9.19,9.29,87.96,88.41,88.98,89.43,103.18,99.58,,,100.14,88.61,,,85.13,87.49,80.93,,72.14,72.46,72.71,73.01,0.80,0.81,0.81,0.82,,,88,89,46.09,52.13,,
,Labuhan Batu Utara,71.34,81.22,80.30,76.73,5,6,5,5,40.28,40.80,45.36,47.14,19868.19,19088.26,18753.42,23063.00,74.61,75.45,76.20,76.71,8.64,8.87,9.14,9.15,90.57,90.98,91.21,91.55,97.25,99.02,,,84.40,83.84,,,81.82,84.75,87.15,,73.81,74.06,74.23,74.45,0.83,0.83,0.83,0.84,,,124,123,47.75,60.14,,
,Nias Utara,67.12,73.67,73.17,61.04,4,5,3,3,44.62,41.08,35.53,36.28,9613.53,8895.77,9163,5630.00,64.55,65.44,66.42,67.38,6.78,6.85,7.05,7.25,80.12,80.56,80.99,81.54,84.79,95.40,,,91.28,83.08,,,41.19,37.90,47.50,,71.81,72.12,72.30,72.48,0.80,0.80,0.80,0.81,,,56,55,69.63,70.71,,
,Nias Barat,60.60,61.20,65.35,54.61,4,4,3,3,41.89,49.10,44.59,38.96,2514.38,2982.82,2582.99,3916.00,63.96,64.68,65.66,66.65,6.97,7.07,7.26,7.43,87.04,87.39,87.65,87.86,90.67,94.76,,,93.69,82.83,,,39.95,36.52,44.59,,71.91,72.30,72.55,72.82,0.80,0.80,0.81,0.81,,,47,42,83.36,87.82,,
,Kota Sibolga,62.01,79.85,81.03,66.58,5,6,4,4,-,-,-,-,–,–,–,–,76.69,77.07,77.52,78.11,10.43,10.44,10.45,10.46,98.33,98.61,98.64,98.80,87.80,98.56,,,100.98,78.22,,,42.05,35.05,36.90,,73.75,74.02,74.19,74.38,0.83,0.83,0.83,0.84,,,37,37,87.47,94.26,,
,Kota Tanjung Balai,53.17,70.83,74.59,66.77,4,6,4,4,45.89,44.30,48.48,47.13,76.00,52.57,44.78,108.00,74.73,75.42,75.95,76.70,9.55,9.68,9.69,9.90,90.92,91.23,91.67,92.11,95.80,99.71,,,89.20,89.65,,,93.51,94.37,96.82,,73.70,74.01,74.18,74.40,0.83,0.83,0.83,0.84,,,46,47,67.81,73.84,,
,Kota Pematang Siantar,78.42,87.19,89.82,72.26,6,6,5,5,62.35,61.30,58.23,60.53,1842.97,1462.29,1599.09,1762.00,79.71,80.46,81.17,81.71,11.31,11.58,11.82,11.83,96.02,95.96,96.22,96.48,99.95,99.07,,,72.13,83.74,,,92.33,91.22,91.99,,74.27,74.75,75.03,75.42,0.83,0.84,0.85,0.85,,,82,88,72.55,76.92,,
,Kota Tebing Tinggi,66.47,75.82,77.31,76.21,5,6,5,5,51.57,56.42,58.68,61.91,448.00,447.98,459.17,353.00,77.39,78.17,78.68,79.26,10.65,10.86,10.87,10.88,94.10,94.19,94.51,94.52,109.34,99.57,,,81.13,84.47,,,90.59,92.76,96.88,,73.78,74.07,74.29,74.58,0.83,0.83,0.84,0.84,,,64,70,72.42,83.99,,
,Kota Medan,80.93,87.80,90.25,69.85,6,6,5,5,58.11,58.61,60.29,59.10,1005.86,967.89,919.54,891.00,82.13,82.61,83.23,83.74,11.50,11.62,11.79,11.80,94.63,95.06,95.39,95.54,103.61,95.33,,,90.11,82.88,,,92.18,91.97,92.98,,74.32,74.76,75.09,75.54,0.84,0.84,0.85,0.85,,,390,406,66.37,73.80,,
,Kota Binjai,74.89,87.25,88.22,73.25,6,6,5,5,50.95,47.83,44.97,47.53,1244.91,1342.42,1093.72,1781.00,77.50,78.11,78.67,79.20,11.18,11.19,11.20,11.21,91.17,91.42,91.85,92.12,105.32,99.25,,,79.61,81.09,,,95.53,95.44,96.23,,73.92,74.18,74.45,74.81,0.83,0.83,0.84,0.84,,,84,89,64.62,69.30,,
,Kota Padangsidimpuan,57.96,69.90,71.32,75.28,4,5,5,5,56.32,57.94,53.16,57.13,3245.98,3678,3586.75,5119.00,77.73,78.10,78.61,79.19,11.11,11.12,11.13,11.22,98.03,97.89,97.92,98.17,98.83,99.23,,,74.83,85.20,,,45.65,44.79,48.42,,73.23,73.54,73.73,73.97,0.82,0.82,0.83,0.83,,,77,82,56.65,62.61,,
,Kota Gunungsitoli,43.70,65.13,66.12,63.69,3,5,4,4,48.14,52.31,44.86,49.94,2135.57,2679.59,2595.61,2294.00,71.11,71.55,72.30,73.29,8.64,8.65,8.76,8.95,90.08,90.39,90.80,91.04,101.95,99.01,,,100.81,78.51,,,50.29,55.37,55.54,,73.69,74.03,74.23,74.47,0.83,0.83,0.83,0.84,,,46,47,77.44,85.19,,
Sumatera Barat,Kepulauan Mentawai,52.48,50.91,53.86,67.36,3,2,4,4,22.98,24.73,26.51,28.37,603.61,477.23,177.28,373.00,64.83,65.79,66.67,67.62,7.59,7.83,8.02,8.21,90.01,89.73,90.29,91.00,96.99,96.94,98.05,98.59,61.14,67.69,73.86,66.94,69.09,72.28,75.64,79.06,70.91,71.06,71.21,71.40,0.78,0.79,0.79,0.79,,,49,48,61.06,53.53,,61.96
,Pesisir Selatan,83.53,85.95,86.71,79.20,6,6,6,6,56.17,51.88,48.78,51.88,28779.19,38927.98,34662.32,33728.00,71.72,72.24,72.87,73.72,8.51,8.60,8.77,9.06,95.95,95.77,96.11,96.11,99.55,99.42,99.41,95.02,79.95,80.73,82.64,76.05,73.68,76.82,78.93,84.50,73.20,73.27,73.44,73.68,0.82,0.82,0.82,0.83,,,140,153,56.22,58.15,,63.75
,Solok,78.29,81.78,82.56,72.70,6,6,5,5,54.50,52.64,47.28,53.42,32901.89,34691.26,35043.3,39456.00,71.39,71.92,72.29,73.26,7.90,7.92,7.93,8.25,96.36,96.25,96.30,96.41,98.71,98.79,98.63,98.85,79.13,79.85,81.65,81.66,57.28,59.75,62.56,57.11,72.12,72.31,72.52,72.82,0.80,0.80,0.81,0.81,,,95,97,43.14,49.43,,54.83
,Sijunjung,77.88,79.93,82.05,76.02,6,6,5,5,38.45,36.49,38.56,40.82,14031.40,17377.43,15173.75,14593.00,71.32,72.30,72.88,73.73,8.32,8.61,8.65,8.66,94.33,94.39,94.52,94.83,99.95,99.86,98.49,98.67,75.22,82.09,84.91,82.66,74.14,72.18,74.53,75.49,72.27,72.59,72.89,73.30,0.80,0.81,0.81,0.82,,,70,72,61.71,60.59,,70.31
,Tanah Datar,85.92,87.55,89.40,78.12,6,6,6,6,54.76,54.61,47.87,51.52,31023.69,33235.51,32568.98,27728.00,74.87,75.57,76.49,77.04,8.85,9.00,9.19,9.46,97.83,98.12,98.14,98.38,98.70,98.36,99.04,94.15,76.22,78.60,81.07,87.34,57.49,62.99,65.02,69.60,73.84,74.19,74.26,74.35,0.83,0.83,0.83,0.84,,,99,108,64.91,70.03,,85.44
,Padang Pariaman,81.14,83.13,85.08,69.14,6,6,4,4,49.58,49.14,44.52,47.62,27244.15,28566.99,30528.27,29984.00,73.67,74.54,74.90,75.71,8.21,8.41,8.51,8.78,93.47,93.77,94.43,94.73,99.26,99.15,99.50,96.89,77.62,78.22,82.13,86.80,59.76,61.77,63.73,65.76,73.67,73.77,73.88,74.04,0.83,0.83,0.83,0.83,,,103,105,50.86,57.19,,64.79
,Agam,85.34,86.40,86.92,71.60,6,6,5,5,49.54,48.73,48.39,47.82,27780.60,29653.35,29755.1,28951.00,73.84,74.44,75.08,76.04,9.00,9.21,9.24,9.57,97.27,97.37,97.49,97.78,98.46,98.79,98.54,97.34,79.70,81.50,85.29,85.20,74.84,77.04,77.00,79.29,74.07,74.22,74.39,74.63,0.83,0.83,0.84,0.84,,,155,161,65.20,64.35,,74.79
,Lima Puluh Kota,80.32,80.68,82.59,82.37,6,6,6,6,46.46,48.13,43.58,46.04,25526.84,28648.49,30598.33,24508.00,71.64,72.05,72.51,73.43,8.24,8.28,8.29,8.49,94.98,95.01,95.15,95.49,99.62,99.67,98.88,96.97,80.45,80.08,83.00,78.07,64.19,60.64,64.31,65.79,73.03,73.25,73.42,73.64,0.82,0.82,0.82,0.83,,,112,116,60.71,52.55,,69.07
,Pasaman,80.93,80.59,82.09,79.65,6,6,6,6,48.84,46.59,44.04,46.85,29509.35,31040.77,29505.06,28557.00,69.12,69.85,70.61,71.60,8.20,8.22,8.26,8.49,92.49,92.74,92.98,93.27,97.97,97.79,98.14,97.24,77.12,84.07,87.01,86.49,42.81,46.74,49.35,53.74,71.71,72.04,72.36,72.76,0.80,0.80,0.81,0.81,,,75,79,78.73,76.44,,97.65
,Solok Selatan,83.20,82.16,85.60,78.91,6,6,6,6,41.30,41.09,38.31,42.74,12047.91,13288.45,13057.27,14472.00,71.36,72.24,73.17,74.01,8.41,8.70,8.85,9.20,95.15,95.33,95.61,95.78,99.18,99.32,98.61,97.18,76.79,82.23,83.97,73.91,55.33,54.69,56.71,60.32,71.89,72.22,72.50,72.77,0.80,0.80,0.81,0.81,,,60,55,65.65,68.14,,81.67
,Dharmasraya,81.15,84.38,84.98,78.67,6,6,6,6,47.63,45.77,45.36,49.39,9984.60,9619.48,10318.73,9529.00,73.19,73.87,74.82,75.70,8.74,8.83,8.98,9.31,89.04,89.58,90.26,90.63,99.31,98.94,98.34,98.15,76.64,76.47,80.57,78.00,81.09,81.57,85.99,83.12,73.84,74.04,74.25,74.34,0.83,0.83,0.83,0.84,,,75,82,54.58,59.82,,68.16
,Pasaman Barat,80.82,80.67,80.91,78.67,6,6,6,6,50.19,48.82,46.47,44.22,10025.27,9762.34,10005.67,12432.00,71.39,72.03,72.78,73.69,8.54,8.80,9.03,9.28,89.94,90.12,90.40,90.78,98.28,98.38,99.12,98.31,82.41,81.75,83.54,80.48,68.98,71.64,73.49,74.02,72.14,72.44,72.75,73.17,0.80,0.81,0.81,0.82,,,91,102,58.23,63.44,,71.79
,Kota Padang,84.14,88.33,89.63,82.57,6,6,6,6,51.08,52.69,48.61,50.41,8857.74,11011.24,10118.08,7918.00,83.69,83.98,84.38,84.93,11.62,11.64,11.67,11.64,94.44,94.45,94.67,94.80,98.20,98.72,99.24,97.17,81.59,80.55,83.08,88.44,76.10,78.56,78.22,80.28,74.71,74.94,75.20,75.59,0.84,0.85,0.85,0.86,,,223,230,75.65,78.94,,81.64
,Kota Solok,84.44,92.87,92.90,85.92,6,6,6,6,64.66,62.99,56.78,58.28,2156.94,2662.43,2139.76,1766.00,79.35,79.66,80.06,80.90,11.37,11.38,11.39,11.38,96.86,96.77,96.86,97.09,99.69,99.85,99.62,94.78,75.96,77.36,80.34,80.85,92.47,94.35,92.19,93.09,74.31,74.56,74.85,75.30,0.84,0.84,0.84,0.85,,,31,33,89.89,93.48,,97.29
,Kota Sawah Lunto,73.85,84.38,83.45,78.81,6,6,6,6,62.61,63.29,54.55,56.01,1852.64,1938.03,2040.3,1811.00,75.21,75.91,76.68,77.05,10.49,10.50,10.55,10.54,95.59,95.83,96.32,96.35,99.03,98.89,98.05,98.12,82.94,84.69,82.61,85.34,86.86,90.18,91.24,87.71,73.50,73.79,74.12,74.21,0.82,0.83,0.83,0.83,,,36,37,84.83,88.42,,88.01
,Kota Padang Panjang,79.82,89.58,87.05,81.46,6,6,6,6,70.01,63.97,58.86,69.25,826.83,857.31,755.82,790.00,79.28,79.76,80.60,81.32,11.78,11.87,11.94,12.01,98.47,98.28,98.37,98.45,99.03,98.99,99.35,94.48,79.02,80.40,81.28,89.69,77.42,76.31,79.57,84.62,74.03,74.24,74.48,74.86,0.83,0.83,0.84,0.84,,,26,40,89.72,90.27,,97.05
,Kota Bukittinggi,84.66,91.78,92.86,74.10,6,6,5,5,66.09,63.25,63.11,63.48,617.78,559.68,597.97,477.00,81.52,81.88,82.61,83.05,11.54,11.55,11.64,11.66,99.96,99.53,99.54,99.59,99.85,99.85,99.21,98.43,81.98,82.83,88.76,86.27,85.09,89.32,89.07,89.33,75.02,75.33,75.62,76.06,0.85,0.85,0.86,0.86,,,47,56,64.61,76.01,,82.75
,Kota Payakumbuh,81.73,88.56,89.33,86.74,6,6,6,6,54.99,52.31,47.57,48.84,4950.72,4942.93,4996.07,4305.00,79.70,80.14,80.76,81.62,10.77,10.84,10.85,11.08,98.70,98.60,98.96,98.99,98.18,98.80,97.52,93.91,78.97,80.01,80.55,83.14,87.10,87.75,87.93,92.34,74.48,74.77,75.08,75.54,0.84,0.84,0.85,0.85,,,70,76,78.88,80.56,,86.93
,Kota Pariaman,69.93,81.57,84.08,78.40,5,6,6,6,51.93,48.94,48.89,43.84,3161.96,3303.87,3236.93,2698.00,79.31,79.76,80.49,81.27,10.77,10.80,11.05,11.32,99.08,98.73,98.86,98.90,98.99,99.00,99.50,97.62,75.53,78.50,76.94,79.69,82.91,84.18,85.99,87.24,73.98,74.20,74.37,74.62,0.83,0.83,0.84,0.84,,,46,48,85.47,85.64,,92.54
Riau,Kuantan Singingi,70.70,68.94,73.80,72.84,5,5,5,5,44.26,41.89,47.05,40.08,4.83,6135.07,4964.49,4610.00,72.78,73.35,74.00,74.62,8.76,8.90,9.14,9.33,90.38,90.56,90.80,91.08,99.28,99.18,99.18,,84.07,85.05,85.14,,86.98,85.36,86.86,,72.45,72.68,72.96,73.34,0.81,0.81,0.81,0.82,,,150,166,53.76,63.25,,
,Indragiri Hulu,57.96,59.35,60.71,66.95,3,3,4,4,39.75,38.42,42.46,37.41,923.75,902.44,919.55,1042.00,71.69,72.28,72.75,73.48,8.40,8.42,8.43,8.62,86.86,87.32,87.75,88.11,98.40,98.40,98.39,,77.09,80.96,80.74,,84.63,85.43,86.09,,73.17,73.38,73.63,73.97,0.82,0.82,0.83,0.83,,,213,224,57.35,52.85,,
,Indragiri Hilir,68.38,69.29,69.30,65.81,5,5,4,4,41.58,36.97,35.97,34.79,13820.60,14306.71,15940.99,15815.00,69.12,69.64,70.07,70.74,7.26,7.31,7.32,7.49,82.73,83.28,83.76,84.69,99.99,99.50,99.59,,82.06,75.40,76.17,,56.32,57.13,60.86,,72.19,72.27,72.39,72.55,0.80,0.80,0.81,0.81,,,264,268,42.20,45.85,,
,Pelalawan,69.68,69.49,71.59,74.29,5,5,5,5,37.71,36.39,39.74,36.10,5022.75,5007.09,7690.02,6347.00,74.15,74.69,75.25,75.80,8.72,8.73,8.96,8.97,89.52,89.98,90.16,90.50,99.30,99.11,98.85,,77.73,79.66,79.30,,83.77,85.30,85.70,,74.16,74.37,74.63,74.98,0.83,0.84,0.84,0.85,,,107,113,42.75,55.35,,
,Siak,76.87,74.74,77.06,75.41,6,5,5,5,46.45,41.47,44.15,43.10,6342.51,6388.13,5886.27,8286.00,75.53,75.97,76.52,77.19,9.87,9.88,9.92,9.93,89.13,89.29,89.51,90.01,99.80,99.83,98.94,,83.24,86.74,85.16,,93.51,91.15,93.32,,73.52,73.72,73.98,74.34,0.82,0.83,0.83,0.84,,,187,191,54.14,63.02,,
,Kampar,56.28,57.59,59.69,72.24,3,3,5,5,42.88,41.99,41.01,36.94,2720.19,2532.35,2189.29,1447.00,75.21,75.59,76.29,76.97,9.39,9.40,9.58,9.78,90.28,90.48,90.91,91.66,98.49,99.05,99.18,,84.53,84.50,84.72,,82.97,86.40,87.82,,74.03,74.29,74.61,75.05,0.83,0.84,0.84,0.85,,,329,337,55.58,63.51,,
,Rokan Hulu,54.91,56.76,58.88,66.20,3,3,4,4,40.74,40.94,43.78,36.37,1435.83,1461.05,1225.5,2661.00,71.70,72.28,73.07,73.61,8.55,8.81,8.94,9.11,82.73,83.03,83.39,83.94,96.81,96.71,96.99,,82.54,84.86,86.22,,90.10,89.49,90.64,,73.56,73.59,73.67,73.79,0.82,0.82,0.83,0.83,,,190,207,31.69,43.23,,
,Bengkalis,62.61,61.68,65.75,79.83,4,4,6,6,40.96,44.48,38.67,40.09,3703.25,3813.31,3580.61,2788.00,75.38,75.96,76.37,77.02,9.71,9.73,9.74,9.93,90.50,90.34,90.47,90.97,98.97,99.15,98.35,,87.79,84.75,85.92,,86.99,91.11,92.63,,73.62,73.88,74.21,74.68,0.82,0.83,0.83,0.84,,,145,149,57.37,67.53,,
,Rokan Hilir,66.46,67.45,68.67,67.14,4,4,4,4,46.67,44.89,44.35,43.85,7383.53,7630.02,8169.71,12488.00,71.35,71.98,72.46,73.07,8.28,8.52,8.53,8.55,85.42,85.73,86.24,86.92,99.18,99.48,99.70,,72.53,72.91,71.32,,81.15,79.71,80.76,,73.46,73.64,73.87,74.18,0.82,0.83,0.83,0.83,,,191,192,40.85,41.94,,
,Kepulauan Meranti,68.06,70.47,71.15,61.91,5,5,4,4,31.49,29.47,32.71,38.55,1948.08,2250.14,2927.1,3342.00,68.31,68.96,69.64,70.20,7.88,7.99,8.12,8.13,87.03,87.41,87.50,87.67,91.62,93.98,94.83,,82.75,78.09,75.16,,57.03,57.67,61.31,,72.08,72.14,72.25,72.40,0.80,0.80,0.80,0.81,,,55,55,74.01,78.41,,
,Kota Pekanbaru,86.56,89.81,92.20,69.77,6,6,5,5,-,-,41.11,26.32,–,–,5.09,1.00,83.38,83.67,84.26,84.91,11.93,11.94,11.96,12.08,94.66,94.78,94.91,94.99,93.89,94.62,97.19,,75.46,78.41,81.68,,96.65,95.13,96.46,,75.29,75.55,75.89,76.37,0.85,0.85,0.86,0.87,,,193,214,67.44,71.09,,
,Kota Dumai,72.63,78.61,76.30,70.17,6,6,5,5,32.03,31.89,23.56,32.74,2927.55,1487.83,2923.35,675.00,76.20,76.45,77.03,77.58,10.15,10.16,10.29,10.30,90.91,91.12,91.63,92.16,98.86,98.84,98.85,,84.45,83.31,81.92,,91.44,95.50,97.98,,73.18,73.31,73.50,73.77,0.82,0.82,0.82,0.83,,,63,74,69.59,73.41,,
Jambi,Kerinci,81.94,82.42,83.76,69.90,6,6,5,5,52.43,51.94,53.14,55.82,16693.24,15761.71,16331.89,16755.00,73.24,73.77,74.33,75.10,8.57,8.59,8.60,8.76,87.11,87.33,87.74,87.90,99.70,99.27,96.64,99.03,87.36,78.76,77.58,83.90,68.10,68.98,66.37,,72.94,73.18,73.39,73.66,0.81,0.82,0.82,0.83,,,99,107,38.42,42.56,,54.65
,Merangin,71.02,71.66,75.01,74.69,5,5,5,5,40.39,39.97,38.36,39.80,5699.84,6078.99,5505.23,13430.00,70.98,71.81,72.65,73.41,7.91,8.13,8.40,8.41,88.84,89.27,89.37,89.94,98.51,99.21,99.34,96.89,76.25,81.01,80.01,74.91,75.70,81.15,82.03,,73.78,73.97,74.13,74.40,0.83,0.83,0.83,0.84,,,155,166,42.58,44.69,,54.73
,Sarolangun,64.47,64.01,65.64,75.12,4,4,5,5,38.63,40.02,41.16,39.84,3486.70,3207.78,3428.21,5490.00,72.66,73.05,73.76,74.72,8.12,8.14,8.35,8.60,91.61,91.70,92.40,92.44,99.38,99.25,97.13,98.94,77.24,77.68,80.34,75.45,79.14,79.79,82.34,,73.26,73.46,73.65,73.94,0.82,0.82,0.83,0.83,,,93,106,53.64,50.88,,63.47
,Batang Hari,70.52,70.79,74.13,76.96,5,5,5,5,39.88,40.35,37.85,41.19,5612.13,5059.19,5068.79,7252.00,71.99,72.50,73.12,73.94,8.21,8.22,8.35,8.41,86.03,86.24,86.71,87.05,97.72,98.56,97.54,97.43,81.66,83.54,84.95,85.57,80.26,82.86,85.37,,74.22,74.48,74.74,75.14,0.83,0.84,0.84,0.85,,,103,106,63.04,70.47,,72.45
,Muaro Jambi,65.37,65.90,68.51,79.30,4,4,6,6,39.06,36.07,33.73,37.18,4761.57,4798.8,5772.96,4894.00,71.41,72.26,73.11,73.87,8.59,8.69,8.70,8.72,82.16,82.75,83.18,83.72,99.93,99.74,99.47,95.78,80.15,84.45,85.95,79.05,83.36,85.66,87.11,,74.33,74.55,74.75,75.06,0.84,0.84,0.84,0.85,,,147,159,50.09,49.55,,57.98
,Tanjung Jabung Timur,70.65,71.22,69.99,78.71,5,5,6,6,38.14,39.54,38.88,42.54,6440.25,5856.68,6903.29,8124.00,68.96,69.85,70.77,71.28,7.19,7.43,7.70,7.71,88.22,88.48,88.79,89.18,99.47,99.96,99.79,97.60,81.89,76.58,75.92,74.42,69.75,74.96,74.72,,73.78,74.09,74.37,74.82,0.83,0.83,0.84,0.84,,,91,96,41.59,40.24,,55.46
,Tanjung Jabung Barat,69.66,63.59,69.60,75.04,5,4,5,5,41.02,41.34,46.81,46.31,3495.35,5993.14,5946.2,7564.00,70.88,71.44,72.01,73.00,8.18,8.31,8.32,8.54,86.18,86.71,86.80,87.06,99.40,99.38,97.66,97.97,81.59,81.71,81.88,86.70,73.53,77.87,78.32,,72.99,73.21,73.41,73.75,0.82,0.82,0.82,0.83,,,121,132,42.76,46.70,,54.58
,Tebo,70.52,70.89,71.36,72.09,5,5,5,5,48.08,46.08,46.24,42.06,4068.71,4242.92,3548.18,6646.00,71.14,71.99,72.67,73.41,7.70,7.94,8.04,8.05,91.04,91.95,92.24,92.43,99.91,98.94,98.47,96.66,78.51,82.23,80.82,79.49,78.29,80.69,85.89,,73.25,73.45,73.62,73.88,0.82,0.82,0.82,0.83,,,103,105,38.97,43.98,,46.15
,Bungo,62.93,65.60,73.39,78.52,4,4,6,6,41.55,41.79,43.98,44.22,4118.39,5008.27,3607.03,5394.00,73.08,73.57,74.44,75.15,8.29,8.39,8.60,8.61,88.90,89.25,89.46,89.95,99.32,99.26,97.40,98.34,79.33,81.34,81.56,71.76,79.59,83.86,86.16,,73.49,73.76,74.02,74.35,0.82,0.83,0.83,0.84,,,117,129,41.97,50.13,,57.46
,Kota Jambi,77.50,84.66,85.88,76.94,6,6,5,5,42.09,40.08,41.85,46.12,308.55,332.08,340.59,414.00,80.38,80.93,81.77,82.32,11.21,11.32,11.51,11.59,95.63,95.64,95.72,96.32,99.68,99.62,97.83,93.98,77.57,75.46,71.71,76.75,92.82,98.08,96.72,,74.61,74.85,75.12,75.53,0.84,0.84,0.85,0.85,,,149,175,69.45,69.82,,78.96
,Kota Sungai Penuh,59.92,83.14,87.06,83.19,4,6,6,6,61.28,61.32,61.81,62.56,5854.86,5038.55,5173.3,4411.00,76.75,77.20,77.93,78.89,10.34,10.36,10.48,10.75,94.95,95.03,95.17,95.70,98.94,98.55,98.58,99.19,89.42,84.44,86.09,84.71,77.72,83.52,80.56,,73.73,74.01,74.29,74.70,0.83,0.83,0.84,0.84,,,32,41,74.85,76.32,,73.11
Sumatera Selatan,Ogan Komering Ulu,71.10,74.36,73.01,73.24,5,5,5,5,46.02,47.37,46.94,47.14,2995.52,2946.14,2703.43,5477.00,72.41,73.17,73.70,74.47,9.05,9.19,8.86,9.07,94.11,94.66,94.80,94.71,93.69,98.79,98.78,93.69,75.23,79.50,79.13,66.56,84.39,80.78,82.72,,73.19,73.44,73.59,73.97,0.82,0.82,0.82,0.83,,,89,90,43.30,46.98,,63.02
,Ogan Komering Ilir,75.89,79.04,79.54,80.38,6,6,6,6,54.30,58.37,59.17,62.49,98450.44,90098.11,97822.25,106758.00,70.17,70.80,71.48,72.20,7.51,7.57,7.19,7.49,92.50,92.92,93.22,93.47,96.83,97.11,95.65,96.83,77.67,78.26,73.89,73.81,63.95,69.73,65.54,,73.81,74.09,74.23,74.47,0.83,0.83,0.83,0.84,,,178,180,28.11,37.42,,43.34
,Muara Enim,71.29,73.22,75.62,82.78,5,5,6,6,45.62,51.00,51.11,53.87,12198.51,11528.06,12516.06,16990.00,71.52,72.33,73.10,73.77,8.42,8.53,8.27,8.45,90.55,90.47,90.87,91.75,96.15,95.92,94.27,96.15,76.62,76.89,76.86,74.90,84.16,85.58,86.54,,73.97,74.29,74.49,74.82,0.83,0.84,0.84,0.84,,,146,158,66.43,69.23,,91.58
,Lahat,72.00,72.87,75.19,76.16,5,5,5,5,51.93,51.40,50.97,53.65,14355.48,13409.56,12535.44,15461.00,71.45,72.15,72.83,73.75,8.94,8.89,8.69,9.03,94.90,95.10,95.42,95.62,95.53,96.69,96.12,95.53,84.18,81.73,80.68,69.80,70.35,70.19,69.27,,73.02,73.36,73.58,73.93,0.82,0.82,0.82,0.83,,,100,100,73.31,69.25,,81.27
,Musi Rawas,77.38,79.56,77.66,82.33,6,6,6,6,55.60,57.45,58.33,60.76,17987.67,18686.2,19898.95,23717.00,70.04,70.52,71.21,71.92,7.91,8.00,7.57,7.61,86.47,87.03,87.34,87.36,95.92,98.05,97.03,95.92,81.98,72.73,72.53,79.50,73.69,74.50,70.98,,73.65,73.96,74.16,74.45,0.83,0.83,0.83,0.84,,,144,160,45.18,52.91,,64.49
,Musi Banyuasin,77.89,79.09,79.48,78.75,6,6,6,6,48.80,53.66,49.64,53.74,29601.57,26671.04,25001.15,32464.00,70.73,71.30,72.27,73.17,8.06,8.28,7.95,8.29,83.47,84.05,84.44,84.77,96.19,98.06,96.96,96.19,76.04,80.84,81.37,73.04,80.71,83.52,79.03,,73.92,74.22,74.42,74.72,0.83,0.83,0.84,0.84,,,185,190,39.11,55.98,,66.65
,Banyu Asin,77.97,78.91,79.17,83.95,6,6,6,6,50.42,51.81,51.18,51.14,177999.36,177666.5,185231.71,230280.00,69.95,70.67,71.55,72.42,7.71,7.69,7.48,7.65,89.59,90.18,90.62,91.10,97.38,99.68,99.57,97.38,78.36,80.47,80.55,71.77,72.80,74.53,61.51,,73.98,74.29,74.47,74.73,0.83,0.84,0.84,0.84,,,171,174,30.29,44.40,,53.10
,Ogan Komering Ulu Selatan,74.46,76.15,75.37,76.19,5,6,5,5,55.90,59.57,62.30,55.82,7013.50,7899.24,7646.4,13831.00,68.33,69.05,70.00,70.98,8.31,8.53,8.25,8.48,92.52,92.67,92.74,93.45,98.74,99.60,99.57,98.74,80.20,80.14,72.35,79.89,57.54,63.20,59.80,,72.88,73.21,73.44,73.74,0.81,0.82,0.82,0.83,,,67,70,32.56,34.95,,46.09
,Ogan Komering Ulu Timur,81.01,84.52,85.17,81.76,6,6,6,6,64.91,67.19,65.65,66.83,108075.32,106700.37,111431.99,138174.00,72.33,73.05,73.64,74.42,8.36,8.43,8.08,8.13,94.89,95.27,95.60,95.65,97.53,99.76,99.83,97.53,76.58,81.21,81.22,79.75,87.48,88.25,88.91,,74.04,74.31,74.51,74.80,0.83,0.84,0.84,0.84,,,147,166,33.76,47.79,,63.09
,Ogan Ilir,73.28,76.32,77.55,73.27,5,6,5,5,49.61,46.82,49.77,48.64,21150.62,21654.29,20507.92,24984.00,71.20,72.01,72.67,73.21,8.47,8.58,8.09,8.16,99.11,99.24,99.29,99.40,98.32,97.62,96.84,98.32,74.37,76.84,75.86,77.93,71.55,76.17,75.12,,72.86,73.20,73.43,73.78,0.81,0.82,0.82,0.83,,,62,65,65.05,67.00,,74.19
,Empat Lawang,65.25,69.27,67.42,72.08,4,5,5,5,45.76,48.68,49.12,48.79,8672.60,10415.7,9014.59,9626.00,68.39,69.07,69.63,70.56,7.71,7.91,7.68,8.02,93.60,93.81,93.90,93.93,97.78,99.10,99.14,97.78,84.65,83.88,75.62,70.91,66.93,67.81,39.84,,70.55,70.81,70.93,71.14,0.78,0.78,0.78,0.79,,,31,34,48.45,49.22,,56.84
,Penukal Abab Lematang Ilir,72.46,73.71,78.79,80.03,5,5,6,6,42.31,43.90,43.07,49.43,5334.75,5801.04,6142.9,6835.00,67.89,68.78,69.63,70.55,7.78,7.72,7.27,7.42,93.80,94.18,94.18,94.46,93.33,99.53,99.53,93.33,88.98,86.85,82.91,78.56,89.40,95.22,95.72,,73.56,73.84,74.02,74.33,0.82,0.83,0.83,0.84,,,45,42,67.21,84.61,,95.81
,Musi Rawas Utara,59.23,60.31,59.58,72.92,3,4,5,5,41.81,44.57,39.19,44.66,2943.14,2686.74,2663.38,2435.00,68.76,69.63,70.45,71.39,7.86,8.22,7.51,7.80,93.21,93.15,92.96,92.75,97.16,96.47,94.61,97.16,85.81,74.94,72.69,75.31,65.73,68.57,69.95,,72.73,73.01,73.17,73.46,0.81,0.82,0.82,0.82,,,72,75,40.88,63.57,,73.03
,Kota Palembang,74.71,83.29,83.62,80.56,6,6,6,6,46.67,49.39,45.58,53.00,2371.64,3097.77,2654.85,4100.00,81.19,81.72,82.29,83.27,11.05,10.99,10.93,11.25,97.14,97.46,97.67,97.74,93.30,97.98,97.99,93.30,75.10,79.52,77.81,72.64,92.66,95.16,94.29,,74.91,75.37,75.77,76.26,0.84,0.85,0.86,0.87,,,259,294,69.94,76.90,,85.19
,Kota Prabumulih,59.71,68.83,68.11,73.57,4,5,5,5,39.96,44.36,38.55,44.79,35.82,35.82,46.78,193.00,77.14,78.07,78.68,79.17,10.34,10.47,10.36,10.37,94.62,94.47,94.95,95.61,93.99,99.24,97.70,93.99,93.10,75.26,71.09,77.61,97.61,96.44,95.83,,74.22,74.58,74.87,75.33,0.83,0.84,0.84,0.85,,,65,70,72.58,76.16,,75.37
,Kota Pagar Alam,46.47,59.17,57.79,83.59,3,4,6,6,56.70,52.23,50.77,54.00,2966.59,3581.61,3674.32,3636.00,72.40,73.25,74.00,74.92,9.45,9.63,9.44,9.78,95.13,95.41,95.63,95.86,98.54,98.60,98.65,98.54,88.59,76.72,78.00,72.94,62.11,61.28,53.94,,73.22,73.61,73.88,74.18,0.82,0.82,0.83,0.83,,,40,45,48.44,52.26,,60.66
,Kota Lubuklinggau,53.71,66.26,66.10,79.26,4,5,6,6,52.07,52.81,52.26,54.48,1225.67,1264.84,1600.08,1356.00,77.71,78.36,78.98,79.94,9.51,9.56,9.94,10.15,96.53,96.30,96.21,96.43,94.67,96.24,95.08,94.67,78.42,78.40,73.23,73.71,87.64,86.05,86.84,,74.27,74.67,74.97,75.46,0.83,0.84,0.85,0.85,,,82,78,66.86,76.19,,87.07
Bengkulu,Bengkulu Selatan,73.67,74.63,74.91,74.73,5,5,5,5,47.28,48.68,44.98,49.94,10624.83,10502.94,9849.08,11092.00,73.58,74.06,74.53,75.32,9.39,9.41,9.42,9.60,94.68,94.83,94.89,95.34,,,,,,,,,84.09,83.81,84.42,,72.67,72.87,73.05,73.32,0.81,0.81,0.82,0.82,,,85,86,73.75,78.35,,87.65
,Rejang Lebong,66.68,72.67,73.11,71.35,4,5,5,5,46.39,49.22,46.86,53.34,7739.13,7724.18,6107.11,4596.00,73.54,74.43,75.04,75.87,8.55,8.80,8.81,9.05,94.16,94.67,94.83,95.16,,,,,,,,,70.20,64.41,71.81,,73.44,73.67,73.87,74.17,0.82,0.83,0.83,0.83,,,83,81,44.86,49.12,,61.74
,Bengkulu Utara,58.31,70.74,72.62,66.94,3,5,4,4,48.22,46.95,43.79,47.34,4091.17,4180.94,3333.85,3577.00,71.76,72.27,73.10,73.56,8.10,8.11,8.32,8.35,91.39,91.60,91.81,92.35,,,,,,,,,83.44,82.84,85.53,,72.81,73.03,73.23,73.52,0.81,0.82,0.82,0.82,,,140,144,60.18,57.28,,68.21
,Kaur,71.51,73.90,74.75,65.97,5,5,4,4,47.26,41.56,43.33,48.88,5122.53,6209.32,6541,4541.00,70.30,70.92,71.53,72.45,8.39,8.41,8.47,8.71,87.69,87.82,87.83,88.22,,,,,,,,,81.23,86.43,87.01,,72.49,72.74,72.97,73.31,0.81,0.81,0.81,0.82,,,52,45,65.95,73.41,,75.82
,Seluma,68.54,71.64,71.61,71.98,5,5,5,5,40.55,46.13,44.37,46.92,10749.83,9458.28,9978.71,8720.00,69.74,70.27,70.98,71.85,8.09,8.13,8.14,8.34,86.27,86.38,86.48,86.87,,,,,,,,,86.16,87.17,88.75,,72.49,72.71,72.90,73.19,0.81,0.81,0.81,0.82,,,86,92,72.02,79.66,,85.00
,Mukomuko,71.78,76.63,76.57,76.10,5,6,5,5,57.36,53.80,57.82,59.67,5469.03,4875.43,4928.32,5320.00,72.15,73.00,73.65,74.45,8.31,8.56,8.57,8.65,84.56,85.29,85.61,86.07,,,,,,,,,79.12,80.94,85.82,,73.44,73.71,73.95,74.31,0.82,0.83,0.83,0.84,,,94,100,55.53,61.07,,68.08
,Lebong,74.86,75.84,77.06,74.80,5,6,5,5,65.21,60.51,62.48,59.82,7746.20,8812.85,9496.49,7858.00,72.35,72.95,73.54,74.10,8.24,8.26,8.41,8.48,92.11,92.30,92.35,92.65,,,,,,,,,51.92,55.62,59.38,,72.34,72.59,72.81,73.10,0.81,0.81,0.81,0.82,,,50,39,50.49,60.81,,72.53
,Kepahiang,67.14,69.41,72.43,69.71,4,5,5,5,48.50,50.96,45.89,49.18,3089.82,3715,3970.62,3377.00,70.85,71.38,72.05,72.96,8.30,8.36,8.37,8.61,96.18,96.09,96.16,96.34,,,,,,,,,64.58,69.25,69.81,,72.07,72.26,72.41,72.61,0.80,0.80,0.81,0.81,,,58,62,51.31,64.89,,72.00
,Bengkulu Tengah,62.12,61.54,62.14,72.85,4,4,5,5,39.69,39.81,36.48,44.65,1328.18,1300.66,815.09,1715.00,70.29,70.81,71.67,72.48,7.49,7.51,7.71,7.94,87.22,87.32,87.51,88.19,,,,,,,,,74.65,83.07,83.17,,72.33,72.46,72.56,72.71,0.81,0.81,0.81,0.81,,,70,69,69.48,78.82,,81.84
,Kota Bengkulu,65.29,75.68,78.72,63.79,5,6,4,4,48.78,43.80,48.94,42.05,1191.12,1097.58,754.81,859.00,82.93,83.38,83.95,84.59,11.82,11.83,11.84,11.95,96.75,96.85,96.95,97.36,,,,,,,,,94.49,93.94,96.15,,74.18,74.43,74.69,75.14,0.83,0.84,0.84,0.85,,,145,150,77.25,80.64,,83.49
Lampung,Lampung Barat,74.34,75.39,76.18,77.15,5,5,5,5,48.19,52.48,47.03,51.36,13032.88,13513.57,13405.25,11638.00,71.01,71.72,72.41,73.14,8.20,8.36,8.56,8.57,93.74,93.92,94.06,94.28,,,,,,,,,83.75,83.95,84.40,83.19,73.63,73.78,73.96,74.24,0.83,0.83,0.83,0.83,,,99,102,47.17,59.01,,58.08
,Tanggamus,73.60,74.19,76.40,67.77,5,5,4,4,57.03,57.87,56.39,57.15,22563.40,25430.89,23943.52,25801.00,69.32,69.93,70.54,71.36,7.35,7.36,7.38,7.63,91.53,91.77,91.99,92.82,,,,,,,,,63.99,67.82,70.82,75.13,73.69,73.87,74.08,74.39,0.83,0.83,0.83,0.84,,,136,140,61.62,61.33,,84.71
,Lampung Selatan,81.81,85.46,84.46,82.23,6,6,6,6,60.28,56.28,54.91,60.63,56393.41,52334.35,57884.73,76006.00,70.95,71.55,72.15,73.10,7.72,7.77,7.78,7.98,90.28,90.56,90.80,91.18,,,,,,,,,94.29,95.58,96.40,96.41,74.03,74.22,74.46,74.84,0.83,0.83,0.84,0.84,,,235,246,61.31,66.42,,66.71
,Lampung Timur,82.78,83.55,85.22,66.39,6,6,4,4,48.99,50.57,51.72,53.68,91718.06,94070.36,93339.53,98026.00,71.82,72.44,73.05,73.92,8.04,8.14,8.20,8.46,89.60,90.07,90.10,90.42,,,,,,,,,85.27,84.16,86.38,88.94,73.75,73.95,74.19,74.54,0.83,0.83,0.83,0.84,,,249,253,52.61,56.55,,58.33
,Lampung Tengah,81.07,84.55,84.93,72.10,6,6,5,5,55.76,56.23,57.01,56.98,101612.69,108129.91,107704.78,121929.00,72.59,73.39,74.16,74.86,7.64,7.81,7.97,8.17,90.56,90.61,90.89,91.38,,,,,,,,,81.25,80.20,82.55,86.78,73.99,74.17,74.38,74.70,0.83,0.83,0.84,0.84,,,348,344,49.00,51.72,,60.36
,Lampung Utara,75.00,74.94,76.82,68.21,5,5,4,4,46.30,40.59,41.86,45.28,13705.47,17834.92,15092.55,23689.00,70.19,70.78,71.42,72.28,8.35,8.36,8.38,8.63,90.08,90.28,90.55,90.86,,,,,,,,,80.82,80.23,77.74,77.23,73.73,73.91,74.12,74.41,0.83,0.83,0.83,0.84,,,186,189,61.54,62.88,,74.98
,Way Kanan,78.34,79.31,79.61,78.82,6,6,6,6,47.58,45.21,47.89,46.34,21224.06,18720.83,19986.05,25712.00,69.92,70.51,71.17,71.98,7.72,7.74,7.75,7.91,88.91,89.21,89.39,90.09,,,,,,,,,73.86,78.48,81.38,81.71,73.93,74.11,74.31,74.61,0.83,0.83,0.84,0.84,,,146,142,58.28,62.27,,65.57
,Tulangbawang,86.25,87.51,88.78,73.46,6,6,5,5,40.96,44.32,49.79,50.74,65510.84,72025.12,75344.09,75524.00,71.08,71.56,72.24,73.11,7.56,7.57,7.65,7.90,90.50,90.70,90.88,91.20,,,,,,,,,85.60,84.49,86.97,88.78,73.64,73.81,74.02,74.32,0.83,0.83,0.83,0.84,,,139,136,41.96,49.93,,52.66
,Pesawaran,77.86,77.89,80.85,72.62,6,6,5,5,55.89,52.89,52.91,51.85,23359.64,23009.98,21910.12,30348.00,68.55,69.46,70.24,70.90,7.77,7.99,8.00,8.01,88.13,88.48,88.84,89.14,,,,,,,,,86.20,88.73,87.85,88.57,73.65,73.80,74.00,74.30,0.83,0.83,0.83,0.84,,,122,128,57.40,62.58,,70.06
,Pringsewu,84.14,87.38,87.35,76.06,6,6,5,5,58.37,59.14,63.53,62.21,23489.05,21752.76,22651.01,24882.00,72.57,73.11,73.84,74.76,8.40,8.42,8.53,8.72,93.09,93.33,93.78,94.01,,,,,,,,,84.22,88.72,86.70,88.52,74.15,74.33,74.56,74.92,0.83,0.84,0.84,0.84,,,117,123,49.88,54.84,,67.04
,Mesuji,85.62,86.21,88.18,79.38,6,6,6,6,51.50,52.27,48.16,54.44,57654.90,56726.11,56395.22,51901.00,67.12,67.79,68.59,69.40,7.09,7.11,7.21,7.30,84.71,85.03,85.57,85.88,,,,,,,,,84.63,81.14,83.31,90.06,73.56,73.71,73.90,74.16,0.82,0.83,0.83,0.83,,,89,99,47.06,46.57,,48.10
,Tulang Bawang Barat,79.84,83.59,83.74,68.33,6,6,4,4,49.44,46.22,40.56,46.38,10254.68,9942.54,7282.52,11561.00,68.70,69.38,70.04,70.61,7.72,7.79,7.80,7.81,89.47,89.53,89.72,90.00,,,,,,,,,77.89,77.09,80.85,84.42,73.83,74.02,74.23,74.55,0.83,0.83,0.83,0.84,,,97,93,35.37,42.28,,47.90
,Pesisir Barat,71.71,76.32,75.77,74.41,5,6,5,5,50.98,55.36,46.54,53.02,11921.43,10860.16,11090.78,13582.00,69.58,70.40,71.04,71.72,8.53,8.70,8.73,8.76,94.47,94.86,95.18,95.32,,,,,,,,,77.74,79.23,84.09,89.93,73.61,73.75,73.93,74.21,0.82,0.83,0.83,0.83,,,59,59,66.21,63.86,,78.90
,Kota Bandar Lampung,73.41,83.37,84.64,71.44,6,6,5,5,55.37,51.19,51.20,53.43,491.63,477.44,530.53,630.00,79.33,79.86,80.46,81.26,10.96,10.97,10.99,11.11,94.72,94.85,94.98,95.39,,,,,,,,,89.07,92.85,89.33,89.66,74.33,74.53,74.79,75.21,0.84,0.84,0.84,0.85,,,262,259,64.52,64.91,,70.57
,Kota Metro,73.35,83.66,85.78,83.67,6,6,6,6,55.03,56.81,57.05,63.37,5323.92,5279.15,5154.43,4786.00,79.38,79.85,80.41,81.22,10.98,11.00,11.01,11.19,96.80,96.89,96.94,96.95,,,,,,,,,98.77,98.89,99.68,87.29,74.92,75.14,75.43,75.86,0.84,0.85,0.85,0.86,,,54,56,85.90,92.97,,90.95
Bangka Belitung,Bangka,80.26,81.31,74.35,83.91,6,6,6,6,31.70,32.26,26.56,26.69,1442.92,1269.93,1861.67,2979.00,73.62,74.34,74.66,75.38,8.27,8.32,8.45,8.77,88.95,89.33,89.23,89.36,97.22,97.66,98.31,98.99,75.07,75.50,78.41,71.48,94.18,97.26,96.23,97.59,72.80,73.03,73.24,73.56,0.81,0.82,0.82,0.82,,,86,97,69.34,66.53,,77.03
,Belitung,61.55,61.83,62.34,75.33,4,4,5,5,24.30,23.89,22.08,23.23,332.09,293.57,316.87,236.00,73.83,74.49,74.96,75.29,8.74,8.98,9.05,9.11,88.87,89.25,89.75,90.12,98.09,98.08,98.40,93.75,79.54,79.47,80.10,71.63,92.69,92.62,94.17,95.50,72.27,72.52,72.76,73.13,0.80,0.81,0.81,0.82,,,64,69,85.17,87.79,,88.67
,Bangka Barat,75.05,63.76,60.25,76.94,5,4,5,5,28.23,29.77,21.66,28.00,762.48,657.26,1947.95,2867.00,70.79,71.13,71.36,72.23,7.46,7.47,7.48,7.80,90.27,90.41,90.42,91.06,98.64,98.41,99.39,97.99,68.94,76.50,73.52,72.35,91.02,90.87,91.88,96.50,71.72,71.91,72.08,72.35,0.80,0.80,0.80,0.81,,,45,48,68.29,96.44,,97.43
,Bangka Tengah,57.97,58.62,60.38,75.62,3,3,5,5,27.60,35.19,40.14,42.29,112.36,112.36,121.08,151.00,72.06,72.36,72.54,73.10,7.22,7.23,7.24,7.33,92.03,92.19,92.34,92.83,99.04,99.15,98.98,97.71,71.21,77.41,75.53,75.54,93.79,92.97,94.91,97.75,73.26,73.54,73.77,74.11,0.82,0.82,0.83,0.83,,,40,40,60.50,69.88,,81.10
,Bangka Selatan,83.38,82.94,84.87,75.74,6,6,5,5,44.42,46.73,49.49,48.49,11749.11,12322.42,13140.44,9222.00,69.12,69.67,70.01,70.83,6.89,6.91,6.93,7.25,84.83,84.85,85.29,85.98,98.38,98.53,98.30,98.36,74.90,75.01,77.22,68.46,86.48,89.27,91.14,92.56,71.24,71.51,71.74,72.07,0.79,0.79,0.80,0.80,,,56,58,46.13,50.02,,72.69
,Belitung Timur,60.50,62.09,62.02,76.11,4,4,5,5,19.60,27.54,25.91,29.10,708.84,629.02,814.55,831.00,72.76,73.31,73.62,73.99,8.67,8.90,8.99,9.03,87.20,87.55,88.02,88.56,98.46,98.70,98.75,94.32,82.59,76.84,77.17,81.16,89.92,90.03,91.50,94.44,73.36,73.57,73.79,74.12,0.82,0.82,0.83,0.83,,,53,47,84.54,87.09,,90.16
,Kota Pangkal Pinang,83.25,87.42,87.27,79.07,6,6,6,6,-,-,-,-,–,–,–,–,79.77,80.45,80.90,81.64,10.27,10.50,10.67,10.90,94.25,94.14,94.43,95.29,96.90,96.87,96.46,94.12,76.65,78.71,80.62,83.25,91.47,95.35,96.96,99.11,74.76,75.01,75.26,75.64,0.84,0.85,0.85,0.86,,,83,85,76.17,77.71,,88.23
Kepulauan Riau,Karimun,58.76,62.97,62.68,63.34,3,4,4,4,-,21.35,-,-,-,1.41,–,-,73.96,74.70,75.49,76.08,9.33,9.18,9.26,9.06,91.77,92.05,92.39,93.08,,,,,,,,,97.01,96.85,95.91,,74.37,74.58,74.79,75.05,0.84,0.84,0.84,0.85,,,74,81,63.07,74.53,,
,Bintan,57.68,59.58,60.42,73.15,3,3,5,5,28.34,21.27,26.80,30.44,8.95,5.37,16.11,20.00,76.80,77.50,77.96,78.65,9.58,9.72,9.61,9.45,94.45,94.78,94.90,94.91,,,,,,,,,87.64,86.74,87.93,,74.52,74.82,74.89,75.21,0.84,0.84,0.84,0.85,,,58,52,69.23,71.36,,
,Natuna,57.86,59.15,60.51,71.52,3,3,5,5,29.19,28.03,26.80,33.09,98.44,54.11,68.69,145.00,77.59,78.23,78.60,78.94,9.41,9.42,9.72,9.25,92.44,92.76,92.58,93.12,,,,,,,,,76.45,76.56,78.98,,73.90,74.15,74.38,74.77,0.83,0.83,0.84,0.84,,,64,61,89.61,94.67,,
,Lingga,58.43,52.41,53.02,68.03,3,3,4,4,26.34,30.70,27.77,28.40,44.84,33.71,21.95,39.00,71.48,72.23,73.05,73.82,7.99,7.91,7.97,7.87,90.83,91.25,91.75,92.03,,,,,,,,,65.51,70.13,69.58,,73.12,73.45,73.76,74.04,0.82,0.82,0.83,0.83,,,56,53,80.87,85.40,,
,Kepulauan Anambas,54.19,55.72,55.34,66.33,3,3,4,4,27.94,26.34,25.67,30.45,27.25,20.67,6.58,12.00,72.15,72.80,73.47,74.07,8.66,8.45,8.88,7.79,91.33,91.58,92.02,92.16,,,,,,,,,29.07,30.46,26.55,,73.13,73.50,73.77,74.05,0.82,0.82,0.83,0.83,,,65,65,93.79,95.20,,
,Kota Batam,85.23,88.10,88.83,74.55,6,6,5,5,-,-,-,-,-,–,–,-,82.25,82.64,83.32,83.80,10.94,11.01,11.19,11.34,95.62,95.95,96.66,96.96,,,,,,,,,89.20,94.45,94.10,,74.78,74.98,75.19,75.54,0.84,0.85,0.85,0.85,,,153,178,65.56,76.54,,
,Kota Tanjung Pinang,74.67,77.75,83.22,69.76,6,6,5,5,-,-,-,-,-,–,–,-,80.58,81.14,81.58,82.02,10.83,10.89,10.73,10.80,97.88,97.58,97.63,97.67,,,,,,,,,91.71,92.69,91.51,,74.37,74.68,74.91,75.27,0.84,0.84,0.84,0.85,,,48,52,79.55,80.27,,
DKI Jakarta,Kep. Seribu,54.18,56.63,58.05,63.73,3,3,4,4,-,-,-,-,-,–,–,-,75.34,75.91,76.69,77.52,9.02,9.03,9.26,9.27,93.69,93.60,93.62,94.86,99.77,,,,79.40,,,,85.66,82.55,89.10,,74.54,74.89,75.03,75.24,0.84,0.84,0.85,0.85,,,9,7,101.04,99.59,,
,Kota Jakarta Selatan,85.38,88.64,90.52,73.06,6,6,5,5,-,-,-,-,-,–,–,-,85.87,86.71,87.57,88.51,11.66,11.75,11.95,12.06,96.48,97.16,97.30,99.26,98.71,,,,83.36,,,,95.45,94.46,92.61,,75.77,76.02,76.23,76.55,0.86,0.86,0.87,0.87,,,235,272,87.08,87.14,,
,Kota Jakarta Timur,84.56,90.21,91.81,72.97,6,6,5,5,55.88,55.32,56.05,54.81,34.00,45.4,28.31,25.00,83.60,84.26,84.76,85.51,11.73,11.88,11.99,12.01,95.92,95.98,95.90,97.11,98.71,,,,87.00,,,,94.32,94.19,97.15,,75.12,75.37,75.59,75.93,0.85,0.85,0.86,0.86,,,233,264,84.48,88.34,,
,Kota Jakarta Pusat,83.56,91.00,91.63,70.74,6,6,5,5,-,-,-,-,-,–,–,-,82.90,83.29,83.75,84.45,11.53,11.54,11.61,11.62,96.41,96.28,96.24,98.10,97.60,,,,81.22,,,,92.35,93.09,90.30,,76.07,76.34,76.57,76.91,0.86,0.87,0.87,0.88,,,138,149,86.51,94.38,,
,Kota Jakarta Barat,84.67,90.84,91.35,71.25,6,6,5,5,47.88,50.74,51.65,54.80,38.00,36.33,27.25,55.00,83.43,83.85,84.40,85.18,11.13,11.23,11.24,11.25,95.39,95.39,95.66,97.10,99.56,,,,85.98,,,,91.65,93.96,94.94,,75.62,75.81,75.98,76.23,0.86,0.86,0.86,0.87,,,186,195,87.32,86.99,,
,Kota Jakarta Utara,77.15,85.46,87.42,68.09,6,6,4,4,48.52,48.54,45.33,54.20,406.00,461.2,442.75,194.00,81.56,81.85,82.13,83.12,10.82,10.84,10.85,11.08,93.84,94.03,94.43,95.85,96.16,,,,79.13,,,,88.92,90.96,91.39,,74.96,75.07,75.17,75.32,0.85,0.85,0.85,0.85,,,119,131,82.18,89.48,,
Jawa Barat,Bogor,68.61,70.57,70.01,76.36,5,5,5,5,53.55,55.54,59.73,58.15,56002.23,50999.48,50168.52,59502.00,72.45,73.02,73.63,74.53,8.82,8.86,8.89,8.72,90.70,90.93,90.98,90.94,95.92,96.12,97.48,,84.43,81.52,85.01,,73.47,71.49,67.18,67.17,74.42,74.67,74.90,75.23,0.84,0.84,0.84,0.85,,,650,682,57.43,59.93,72.97,74.24
,Sukabumi,77.29,77.65,78.59,78.68,6,6,6,6,53.49,54.59,57.20,53.89,95012.99,93866.34,81612.3,122485.00,68.87,69.71,70.18,71.13,7.69,7.84,7.75,7.63,88.29,89.02,89.38,89.49,99.96,99.49,99.99,,82.20,82.37,82.66,,63.32,53.21,51.90,59.25,74.40,74.65,74.85,75.12,0.84,0.84,0.84,0.85,,,439,450,51.19,62.38,64.44,63.95
,Cianjur,75.82,78.99,80.60,78.58,6,6,6,6,53.33,56.17,59.91,58.24,115877.18,115749.72,105305.7,137496.00,67.55,68.18,68.89,69.84,7.47,7.38,7.91,7.62,85.56,85.88,86.22,86.48,100.00,99.62,99.84,,80.87,78.40,79.10,,61.76,63.83,63.30,61.11,74.37,74.61,74.80,75.05,0.84,0.84,0.84,0.85,,,351,378,46.53,44.66,49.50,48.89
,Bandung,80.33,82.48,80.63,76.64,6,6,5,5,60.84,60.80,64.33,63.26,47537.79,49366.27,51947.62,55849.00,73.46,74.03,74.59,75.58,9.34,9.36,9.45,9.40,94.71,94.80,95.10,95.26,99.99,99.70,99.74,,88.07,85.00,85.75,,70.85,66.67,69.12,70.40,74.67,74.92,75.23,75.70,0.84,0.84,0.85,0.86,,,438,438,53.59,57.31,64.47,68.31
,Garut,74.49,78.04,78.99,79.10,5,6,6,6,58.11,60.88,63.51,59.09,75951.04,74538.34,71635.66,94041.00,68.51,69.22,69.91,70.67,8.36,8.25,8.31,7.86,83.37,84.05,84.24,84.62,97.18,97.97,98.40,,83.28,79.90,81.14,,51.90,54.68,49.99,53.35,74.43,74.66,74.87,75.14,0.84,0.84,0.84,0.85,,,467,491,41.83,47.19,51.52,54.72
,Tasikmalaya,75.88,75.68,78.47,71.14,6,6,5,5,53.00,56.16,53.29,53.82,81310.17,69685.72,66324.47,97519.00,68.45,69.38,69.98,70.76,8.25,8.31,8.32,7.98,87.01,87.47,87.64,87.90,99.97,99.79,98.64,,90.07,86.42,88.60,,54.39,51.33,54.68,58.76,73.64,73.87,74.06,74.37,0.83,0.83,0.83,0.84,,,376,385,39.30,44.83,47.65,57.29
,Ciamis,82.54,82.36,83.20,71.67,6,6,5,5,54.74,55.42,53.32,56.58,55844.25,53976.46,44307.13,58549.00,72.52,73.12,73.64,74.33,8.42,8.45,8.33,8.23,87.86,88.01,88.29,89.11,99.95,99.49,98.55,,87.09,89.83,89.67,,75.50,71.38,77.12,75.84,74.69,74.96,75.26,75.69,0.84,0.85,0.85,0.86,,,274,302,56.26,58.54,66.84,68.45
,Kuningan,80.24,80.95,81.43,67.98,6,6,4,4,57.53,58.24,53.81,51.73,48250.13,44815.65,41522.97,48264.00,70.44,70.99,71.56,72.31,8.42,8.23,8.18,7.91,87.65,87.79,88.00,88.70,99.99,99.78,98.52,,79.63,83.64,81.30,,69.29,83.03,84.64,89.38,74.67,74.91,75.22,75.64,0.84,0.84,0.85,0.86,,,250,254,68.36,69.68,75.08,76.26
,Cirebon,79.20,82.03,82.77,73.17,6,6,5,5,58.27,59.89,60.45,60.56,84892.18,82797.11,84465.74,93883.00,70.92,71.81,72.30,73.27,8.23,8.30,8.06,7.88,84.69,84.96,85.43,85.91,96.59,97.08,97.75,,80.81,83.08,83.77,,86.76,89.02,87.92,90.78,74.43,74.71,74.98,75.39,0.84,0.84,0.85,0.85,,,442,459,64.28,67.75,74.09,76.48
,Majalengka,79.44,81.39,82.58,71.80,6,6,5,5,56.08,55.77,55.50,55.18,100950.53,100124.09,87220.48,89930.00,70.18,70.76,71.37,72.37,8.07,7.95,7.99,7.81,87.39,87.84,87.98,88.52,97.03,96.75,97.36,,81.16,75.70,76.91,,81.26,82.67,83.61,81.85,74.44,74.73,74.98,75.32,0.84,0.84,0.85,0.85,,,280,278,47.56,54.29,68.83,73.72
,Sumedang,83.12,84.88,86.88,79.18,6,6,6,6,52.62,53.64,55.00,53.45,56662.01,53525.51,49430.79,55012.00,73.53,74.02,74.57,75.50,9.09,9.00,8.86,8.92,95.99,96.13,96.22,96.19,96.84,96.80,97.78,,89.03,83.23,80.71,,80.59,72.55,77.32,86.77,74.77,75.04,75.29,75.70,0.84,0.85,0.85,0.86,,,244,252,55.96,65.04,72.15,75.67
,Indramayu,84.64,84.52,86.52,76.19,6,6,5,5,60.42,61.80,65.74,66.11,245329.29,230456.96,212866.19,239498.00,69.52,70.19,70.72,71.58,7.76,7.51,7.45,7.06,88.89,89.51,89.78,90.15,99.97,99.17,99.82,,79.54,78.83,75.95,,86.64,95.90,97.27,93.41,74.39,74.61,74.82,75.16,0.84,0.84,0.84,0.85,,,320,324,48.45,57.48,61.67,72.94
,Subang,83.52,85.31,85.65,74.51,6,6,5,5,58.36,58.77,59.12,59.40,177986.35,174864.99,163881.64,184319.00,70.54,71.42,72.05,73.00,7.82,8.00,7.88,7.68,91.74,91.92,92.11,92.14,97.73,97.85,98.12,,80.13,83.65,84.76,,80.02,89.40,90.29,90.56,74.46,74.87,75.08,75.41,0.84,0.84,0.85,0.85,,,318,333,45.32,51.25,56.93,64.88
,Purwakarta,78.75,80.42,80.19,74.44,6,6,5,5,54.87,58.50,58.90,56.42,34396.95,31884.84,30629.17,33459.00,72.89,73.43,73.99,74.97,8.41,8.36,8.40,8.37,87.63,87.80,87.96,88.51,99.96,99.70,98.46,,72.98,87.11,87.09,,82.46,77.33,83.01,74.37,74.40,74.67,74.92,75.28,0.84,0.84,0.84,0.85,,,188,197,56.18,68.49,74.80,75.52
,Karawang,86.03,88.48,89.04,76.74,6,6,5,5,60.05,59.87,56.89,59.06,204326.26,189064.62,183065.46,202293.00,72.64,73.25,73.82,74.59,8.39,8.50,8.54,8.31,91.32,91.85,91.98,92.35,99.99,99.70,99.71,,82.77,79.30,80.70,,85.10,83.02,85.99,86.79,74.63,74.90,75.16,75.57,0.84,0.84,0.85,0.85,,,445,463,65.13,67.47,73.68,79.67
,Bekasi,86.15,88.05,87.48,77.14,6,6,5,5,53.91,53.28,49.46,51.28,103088.97,93338.02,84199.55,97547.00,75.60,76.13,76.80,77.80,9.84,9.87,10.19,10.07,90.30,90.06,90.18,90.41,97.58,97.50,97.43,,81.83,84.24,85.88,,89.99,91.54,89.16,90.24,74.86,75.09,75.33,75.71,0.84,0.85,0.85,0.86,,,417,423,41.65,78.62,85.02,87.80
,Bandung Barat,71.59,74.19,75.79,69.50,5,5,4,4,52.62,53.62,53.98,58.12,29201.93,26709.13,27566.67,37006.00,69.82,70.33,70.77,71.65,8.49,8.41,8.57,8.34,80.41,80.96,81.59,81.98,97.91,97.87,98.61,,75.87,88.60,91.39,,50.96,56.93,54.02,55.95,74.59,74.78,75.06,75.44,0.84,0.84,0.85,0.85,,,242,252,47.25,50.49,59.07,63.54
,Pangandaran,81.12,83.57,83.86,78.58,6,6,6,6,49.37,46.05,48.98,52.82,30115.90,30250.9,24131.55,30469.00,70.21,70.57,71.03,71.66,8.47,8.37,8.47,8.11,91.01,90.83,91.22,91.42,99.99,99.49,97.57,,84.63,87.83,85.47,,83.00,86.91,90.30,93.02,74.60,74.88,75.11,75.45,0.84,0.84,0.85,0.85,,,111,115,5.38,75.91,82.42,87.00
,Kota Bogor,76.38,83.78,85.53,62.68,6,6,4,4,54.02,47.99,53.05,57.23,32.21,25.76,28.35,141.00,77.68,78.36,79.03,79.75,10.72,10.62,10.79,10.72,91.98,92.19,92.34,92.77,99.95,99.59,98.48,,76.16,87.68,88.43,,67.93,74.36,71.49,74.41,75.21,75.52,75.80,76.25,0.85,0.85,0.86,0.87,,,173,192,73.97,84.40,87.89,91.07
,Kota Sukabumi,68.96,79.08,80.90,78.91,5,6,6,6,60.91,59.96,58.58,58.19,2176.04,2699.69,2337.35,2721.00,76.24,77.16,77.69,78.23,10.41,10.45,10.44,10.39,92.67,93.04,93.24,93.35,99.98,99.67,99.82,,82.96,82.56,85.38,,45.80,44.76,45.88,46.61,74.64,74.89,75.11,75.45,0.84,0.84,0.85,0.85,,,79,85,65.14,68.29,78.09,76.67
,Kota Bandung,80.23,90.46,91.55,74.43,6,6,5,5,72.21,70.19,69.59,69.06,995.22,901.17,940.85,1010.00,82.75,83.29,83.75,84.06,11.01,11.09,11.05,11.41,95.39,95.24,95.38,95.90,97.18,97.32,97.84,,81.82,87.05,90.00,,49.85,56.01,55.90,56.50,75.26,75.53,75.83,76.30,0.85,0.85,0.86,0.87,,,373,399,72.35,74.35,81.04,80.77
,Kota Cirebon,70.28,83.77,83.78,65.79,5,6,4,4,53.93,56.12,63.94,54.05,159.80,137.1,99.81,125.00,76.89,77.45,78.09,78.99,10.46,10.47,10.66,10.54,95.87,96.37,96.59,96.92,95.58,95.42,97.75,,69.93,82.56,83.50,,90.62,93.27,95.38,92.67,74.87,75.17,75.48,75.97,0.84,0.85,0.85,0.86,,,76,82,80.43,88.52,93.68,93.90
,Kota Bekasi,86.79,93.55,93.90,73.07,6,6,5,5,41.15,42.90,42.86,48.81,454.07,306.86,282.68,184.00,82.52,83.06,83.55,84.43,11.75,11.74,11.90,12.11,94.15,94.28,94.28,94.59,99.97,99.66,99.68,,86.37,89.16,90.33,,90.80,98.52,99.08,97.93,75.60,75.86,76.14,76.61,0.86,0.86,0.86,0.87,,,194,225,63.83,80.62,85.24,88.25
,Kota Depok,85.07,89.47,89.81,70.63,6,6,5,5,49.57,52.42,56.24,53.69,14.55,5.82,5.82,10.00,82.02,82.53,83.05,84.04,11.48,11.55,11.58,11.83,93.92,94.03,94.26,94.41,95.86,95.82,97.35,,79.55,84.29,81.18,,96.21,97.43,98.76,97.68,75.24,75.53,75.82,76.30,0.85,0.85,0.86,0.87,,,177,200,76.17,80.33,83.46,86.13
,Kota Cimahi,80.08,87.17,88.68,74.62,6,6,5,5,56.73,57.50,61.38,59.33,59.59,76.61,70.93,97.00,79.01,79.69,80.30,80.85,11.19,11.33,11.47,11.53,92.51,92.54,92.78,93.20,99.90,99.45,99.31,,80.79,86.73,86.43,,77.18,76.37,76.44,79.18,74.99,75.27,75.55,76.00,0.85,0.85,0.85,0.86,,,48,54,72.91,73.53,83.34,85.11
,Kota Tasikmalaya,55.38,72.71,74.37,78.10,4,6,6,6,55.35,50.83,54.19,59.25,9797.97,7863.88,6532.64,8571.00,74.84,75.47,76.03,76.59,9.69,9.72,9.86,9.64,92.79,92.96,92.98,93.41,97.86,97.94,97.22,,84.13,84.71,87.22,,52.62,56.25,53.16,56.37,74.80,75.08,75.31,75.66,0.84,0.85,0.85,0.86,,,139,147,58.10,66.37,73.80,74.99
,Kota Banjar,61.91,79.55,78.92,84.03,5,6,6,6,52.31,56.69,60.46,59.78,5978.36,5625.24,4782.04,5321.00,73.93,74.45,75.01,75.54,9.17,8.99,9.15,8.84,88.39,88.62,88.93,89.53,99.98,99.29,99.04,,87.02,83.96,89.54,,88.26,89.06,91.07,93.02,74.48,74.77,74.99,75.35,0.84,0.84,0.85,0.85,,,46,47,46.60,64.74,72.41,85.40
Jawa Tengah,Cilacap,83.23,84.13,84.69,68.55,6,6,4,4,62.32,64.52,52.80,53.74,122167.29,119730.72,106346.75,51735.00,71.22,72.04,72.55,73.45,7.18,7.39,7.40,7.65,87.45,87.78,87.82,88.22,99.98,99.76,99.45,96.98,85.44,83.69,82.53,82.90,79.10,80.38,83.25,87.60,74.59,74.73,74.97,75.30,0.84,0.84,0.85,0.85,,,316,327,56.43,59.49,61.43,65.65
,Banyumas,79.02,79.81,80.74,70.86,6,6,5,5,52.83,54.59,54.70,52.81,52167.75,51330.54,45113.99,26909.00,73.30,73.96,74.52,75.44,7.78,7.87,7.91,8.10,89.44,89.47,89.64,90.01,99.96,99.62,99.4,94.32,81.22,82.38,79.76,85.71,79.80,83.00,83.25,85.71,74.16,74.20,74.34,74.79,0.83,0.83,0.84,0.84,,,355,386,77.56,72.98,78.27,77.28
,Purbalingga,79.25,78.05,78.47,75.19,6,6,5,5,53.06,53.68,56.90,54.53,29039.68,26110.28,25308.33,18004.00,69.80,70.51,70.97,71.71,7.33,7.34,7.36,7.37,93.47,93.79,93.92,94.34,93.7,93.98,96.01,94.41,80.32,82.13,82.99,74.45,78.56,77.19,82.01,77.73,73.89,73.98,74.19,74.48,0.83,0.83,0.83,0.84,,,162,171,71.09,72.11,78.82,74.46
,Banjarnegara,78.61,80.28,79.40,71.28,6,6,5,5,55.80,52.09,51.78,54.65,19542.41,18552.34,18116.88,75456.00,68.62,69.16,69.62,70.61,6.84,6.86,6.87,7.10,95.15,95.09,95.11,95.15,99.96,99.48,98.82,99.03,79.19,82.47,81.27,83.55,51.66,46.09,52.40,52.44,74.40,74.50,74.70,74.86,0.84,0.84,0.84,0.84,,,153,163,56.76,52.44,57.16,61.17
,Kebumen,79.29,80.34,81.21,72.06,6,6,5,5,56.34,53.52,53.87,55.64,75408.34,75547.03,72338.28,55815.00,71.29,71.88,72.48,73.17,7.85,7.86,7.87,7.89,93.20,93.38,93.39,93.60,99.67,99.74,99.00,97.27,80.84,80.61,80.42,83.96,93.49,93.68,93.43,94.04,74.85,74.98,75.22,75.56,0.84,0.85,0.85,0.85,,,256,265,72.35,69.18,70.65,72.76
,Purworejo,84.48,84.74,86.22,70.24,6,6,5,5,54.78,56.24,49.84,49.81,50953.04,51160.94,51878.07,12351.00,73.67,74.35,75.16,75.93,8.32,8.46,8.65,8.74,95.57,95.38,95.24,95.58,99.99,99.69,99.65,97.40,78.60,84.60,83.66,84.44,80.21,81.43,84.64,87.29,75.20,75.37,75.64,76.06,0.85,0.85,0.86,0.86,,,178,189,65.32,66.77,69.28,71.11
,Wonosobo,78.42,77.82,77.87,69.43,6,6,4,4,50.20,48.22,50.70,50.36,13346.92,12578.2,11936.39,32669.00,69.69,70.18,70.63,71.50,6.88,6.89,6.90,6.91,92.64,92.85,92.94,93.22,97.92,97.91,97.39,97.99,77.95,81.63,79.01,84.30,55.30,58.14,63.81,62.58,73.89,74.01,74.25,74.56,0.83,0.83,0.83,0.84,,,144,142,64.89,61.35,61.61,62.67
,Magelang,79.44,79.91,80.20,73.41,6,6,5,5,52.96,51.21,55.70,55.12,31929.17,31381.63,29938.09,44501.00,70.96,71.56,72.10,73.09,7.81,7.82,7.83,8.04,92.56,92.91,92.93,93.31,97.56,97.75,97.35,97.60,79.94,80.12,80.55,84.56,80.49,85.14,83.77,80.94,74.28,74.44,74.68,74.93,0.84,0.84,0.84,0.85,,,207,223,62.97,61.44,65.55,67.31
,Boyolali,85.26,87.31,87.70,70.67,6,6,5,5,57.35,55.61,56.23,53.22,51247.81,49819.29,50261.49,61841.00,74.97,75.41,75.96,76.95,8.08,8.09,8.17,8.41,94.35,94.67,94.76,94.90,96.07,96.60,97.11,97.26,82.84,82.97,83.77,85.76,92.40,89.31,88.26,89.00,76.12,76.23,76.44,76.76,0.86,0.87,0.87,0.87,,,188,197,66.57,65.83,70.55,72.46
,Klaten,84.13,85.50,85.64,71.98,6,6,5,5,53.13,54.97,75.32,66.81,63639.10,64377.47,54219.39,43504.00,76.95,77.59,78.16,78.68,9.09,9.27,9.29,9.30,96.10,95.78,95.99,96.35,95.55,97.61,97.67,98.33,82.80,79.50,79.38,80.24,95.00,97.16,97.86,95.78,76.95,77.07,77.31,77.69,0.88,0.88,0.88,0.89,,,342,335,77.61,77.22,78.33,85.27
,Sukoharjo,89.11,91.02,90.93,74.12,6,6,5,5,64.41,70.27,52.76,52.29,47901.05,49628.07,42440.52,68762.00,77.94,78.65,79.30,79.90,9.62,9.84,10.01,10.02,96.96,97.32,97.87,98.08,99.82,99.67,98.85,96.87,82.00,78.27,79.94,85.40,96.14,95.68,97.08,96.27,77.82,77.86,78.01,78.21,0.89,0.89,0.89,0.90,,,219,237,71.32,73.60,74.02,79.72
,Wonogiri,88.15,87.79,88.91,76.02,6,6,5,5,56.98,56.27,60.83,58.91,67238.77,66897.03,54913.68,43965.00,71.04,71.97,72.54,73.42,7.42,7.67,7.68,7.85,91.70,92.08,92.27,92.56,99.31,98.93,99.31,96.62,87.44,80.22,79.39,79.87,94.62,96.12,96.25,98.59,76.41,76.56,76.82,77.30,0.87,0.87,0.87,0.88,,,270,273,59.90,61.59,65.74,70.74
,Karanganyar,87.39,88.48,89.67,75.45,6,6,5,5,60.68,62.18,65.56,65.80,44261.88,42874.47,42671.12,104924.00,76.58,77.31,78.11,78.67,8.79,9.02,9.26,9.27,97.04,97.29,97.13,97.15,95.69,96.18,96.32,98.92,81.89,84.52,85.56,80.69,96.32,97.03,98.54,98.66,77.64,77.72,77.91,78.21,0.89,0.89,0.89,0.90,,,229,239,65.15,67.02,69.93,76.69
,Sragen,87.53,88.17,89.37,75.36,6,6,5,5,55.36,58.86,61.75,59.37,113182.95,109077.98,111694.08,121944.00,74.65,75.10,75.53,76.38,7.79,7.87,7.88,7.89,92.25,92.48,92.57,93.14,97.91,98.37,99.32,97.75,78.18,77.50,72.66,83.18,93.08,95.30,95.71,97.33,75.87,75.97,76.18,76.48,0.86,0.86,0.86,0.87,,,246,254,56.30,56.77,59.83,64.23
,Grobogan,87.27,87.18,87.29,75.42,6,6,5,5,57.10,52.33,50.02,50.57,136397.69,129630.82,119067.6,104159.00,70.97,71.49,72.02,72.94,7.26,7.28,7.29,7.51,86.17,86.24,86.40,87.01,99.90,99.64,98.86,96.69,81.41,76.44,74.51,78.69,87.93,90.49,93.94,97.19,74.93,75.04,75.25,75.57,0.85,0.85,0.85,0.85,,,267,272,56.45,54.24,57.88,61.47
,Blora,87.03,86.94,88.53,73.79,6,6,5,5,49.72,47.87,48.98,49.92,96903.57,98784.77,84846.36,35365.00,69.95,70.63,71.42,72.35,7.01,7.08,7.26,7.45,84.92,85.68,85.85,86.48,99.90,99.75,99.43,99.47,77.49,83.74,82.06,70.90,91.52,90.72,90.81,92.46,74.60,74.71,74.92,75.23,0.84,0.84,0.84,0.85,,,164,165,55.92,56.42,62.60,67.49
,Rembang,84.73,84.45,86.85,75.47,6,6,5,5,52.30,56.35,54.63,55.07,34267.47,38263.49,28021.04,109861.00,71.00,71.89,72.53,73.40,7.41,7.72,7.73,7.89,88.01,88.11,88.45,88.76,98.04,97.84,97.76,98.60,81.61,78.20,80.64,76.45,92.92,95.44,94.89,97.02,74.68,74.77,74.98,75.29,0.84,0.84,0.85,0.85,,,154,162,80.23,78.97,80.92,81.37
,Pati,88.01,89.27,90.88,79.67,6,6,6,6,55.67,54.14,58.68,55.01,105531.13,93852.59,96537.15,31799.00,73.14,73.59,74.10,74.98,7.79,7.80,7.82,8.09,92.32,92.46,92.46,92.68,95.48,95.92,95.34,99.32,80.10,83.49,84.86,87.87,93.80,95.80,96.33,92.97,76.32,76.39,76.56,76.83,0.87,0.87,0.87,0.87,,,262,267,66.57,65.48,69.22,73.23
,Kudus,87.21,88.91,88.81,73.80,6,6,5,5,58.85,55.69,51.90,49.92,33253.32,29090.76,30196.06,42954.00,75.89,76.71,77.21,77.94,9.06,9.34,9.35,9.51,93.50,93.81,93.92,94.63,99.77,99.72,99.98,96.86,76.76,72.57,72.97,75.37,92.78,92.12,95.90,96.56,76.76,76.86,77.07,77.21,0.87,0.87,0.88,0.88,,,184,201,66.00,67.97,72.27,79.18
,Jepara,85.06,86.91,87.00,81.56,6,6,6,6,48.84,49.26,59.36,58.34,41621.92,38029.74,38973.62,108736.00,73.15,73.85,74.32,74.90,8.09,8.26,8.27,8.28,91.40,91.53,91.63,91.91,99.72,99.45,99.44,97.81,78.17,82.45,82.73,79.96,68.14,70.49,68.05,71.71,75.97,76.04,76.21,76.49,0.86,0.86,0.86,0.87,,,218,243,58.45,58.58,61.52,62.30
,Demak,87.38,89.03,90.47,76.42,6,6,5,5,59.64,56.92,59.64,55.91,103238.10,99263.51,100311.34,28539.00,73.36,74.07,74.57,75.08,8.10,8.27,8.28,8.29,91.27,91.16,91.19,91.47,94.11,94.60,95.70,97.43,80.06,82.11,79.12,74.93,91.64,93.60,95.13,94.03,75.52,75.60,75.79,76.08,0.85,0.86,0.86,0.86,,,202,225,75.84,71.13,75.54,77.61
,Semarang,86.31,85.35,85.57,74.26,6,6,5,5,50.72,53.90,64.76,58.64,27162.32,26566.2,25946.07,9388.00,74.67,75.13,75.67,76.40,8.05,8.07,8.16,8.17,96.61,96.63,96.63,96.44,99.59,99.49,99.39,96.98,77.70,78.20,79.41,79.94,85.91,85.50,86.32,87.99,75.86,75.95,76.15,76.45,0.86,0.86,0.86,0.87,,,206,213,63.22,66.12,91.55,92.85
,Temanggung,80.08,77.84,78.91,68.50,6,6,4,4,56.39,58.05,59.98,54.33,10088.95,8009.97,7846.3,31432.00,70.77,71.33,71.86,72.52,7.41,7.50,7.53,7.61,95.94,96.13,96.13,96.01,99.94,99.34,99.34,96.94,75.81,84.49,82.95,82.25,75.30,69.89,71.77,74.98,75.70,75.77,75.94,76.16,0.86,0.86,0.86,0.86,,,135,137,56.08,57.10,58.13,65.85
,Kendal,84.69,85.58,84.83,77.26,6,6,5,5,52.08,53.75,54.79,51.33,30929.75,29566.56,29188.5,23441.00,73.19,73.86,74.34,75.07,7.71,7.73,7.74,7.97,93.80,94.29,94.29,94.30,96.23,96.60,96.73,95.84,74.78,85.59,87.12,74.41,82.65,78.33,83.05,82.83,74.53,74.58,74.73,74.96,0.84,0.84,0.84,0.85,,,216,226,62.31,64.40,65.62,61.11
,Batang,83.19,83.15,84.77,83.69,6,6,6,6,50.76,54.83,55.02,49.95,25790.52,26690.07,25536.62,35481.00,69.45,70.20,70.73,71.70,6.90,7.07,7.08,7.35,91.83,92.48,92.59,93.22,96.98,97.89,99.44,96.64,79.62,81.50,80.69,76.99,67.29,61.70,65.92,68.38,74.79,74.85,75.01,75.35,0.84,0.84,0.85,0.85,,,145,146,68.51,66.50,65.80,66.61
,Pekalongan,80.39,81.81,80.65,74.99,6,6,5,5,44.45,44.48,57.07,53.05,37108.56,38115.12,37275.76,70445.00,70.81,71.45,71.95,72.71,7.46,7.47,7.48,7.50,92.69,92.84,92.87,93.21,96.19,97.73,98.14,97.64,78.93,78.22,77.96,77.39,77.80,83.47,82.61,83.76,73.81,73.99,74.25,74.59,0.83,0.83,0.83,0.84,,,173,181,68.80,69.77,71.35,72.86
,Pemalang,78.51,80.84,81.81,71.10,6,6,5,5,52.30,52.12,53.39,49.51,74711.52,73832.38,73832.13,62480.00,67.26,68.08,68.65,69.47,6.50,6.55,6.56,6.69,86.66,87.16,87.30,87.71,99.87,99.07,98.87,95.55,79.42,82.92,82.75,75.56,77.69,80.73,84.32,83.39,73.82,73.98,74.23,74.55,0.83,0.83,0.83,0.84,,,225,226,65.20,61.58,66.55,66.37
,Tegal,81.18,82.84,83.71,71.11,6,6,5,5,53.45,53.87,55.01,51.71,63814.88,59835.78,58571.44,87615.00,70.42,71.12,71.70,72.36,7.25,7.34,7.36,7.37,88.23,88.54,88.72,89.17,97.37,97.92,97.45,97.91,80.98,84.10,82.34,80.08,85.82,85.87,87.09,91.20,73.87,74.01,74.25,74.62,0.83,0.83,0.83,0.84,,,281,287,65.52,57.30,63.33,65.90
,Brebes,76.74,77.21,78.79,75.14,6,6,5,5,55.25,53.84,50.23,48.76,80034.23,78814.2,76188.6,101.00,68.81,69.71,70.18,71.18,6.35,6.40,6.41,6.61,87.20,87.09,87.54,87.97,99.99,99.41,99.34,96.75,83.89,85.17,84.60,78.32,80.72,82.80,85.85,83.87,73.80,73.95,74.18,74.40,0.83,0.83,0.83,0.84,,,285,301,74.40,70.72,73.55,71.72
,Kota Magelang,82.09,91.18,91.41,71.84,6,6,5,5,51.54,52.34,57.59,58.29,140.80,123.5,105.27,42.00,80.39,81.17,82.15,82.92,10.94,11.20,11.43,11.44,95.86,96.38,96.66,97.09,99.87,99.96,98.92,98.83,84.69,78.10,80.64,92.04,82.27,84.93,88.55,90.57,77.02,77.22,77.54,78.03,0.88,0.88,0.89,0.89,,,44,49,89.84,89.21,91.34,91.38
,Kota Surakarta,80.27,85.80,87.67,68.54,6,6,4,4,49.64,58.17,66.44,60.50,27.21,27.09,28.44,704.00,83.08,83.54,84.41,84.92,10.92,11.00,11.25,11.26,96.80,97.09,97.43,97.52,99.47,99.41,99.43,97.91,82.32,85.31,85.39,71.35,87.49,89.97,85.07,88.01,77.43,77.63,77.91,78.18,0.88,0.89,0.89,0.90,,,146,151,88.46,92.65,91.42,95.37
,Kota Salatiga,87.39,94.20,91.35,79.33,6,6,6,6,55.67,60.10,55.04,56.15,607.48,582.55,603.98,2671.00,84.35,84.99,85.72,86.23,10.95,11.24,11.48,11.49,95.23,95.40,95.49,95.70,99.53,99.97,99.15,96.61,75.90,81.72,78.76,81.81,97.72,98.15,96.28,94.22,77.72,77.93,78.27,78.75,0.89,0.89,0.90,0.90,,,56,58,88.09,91.30,91.83,94.12
,Kota Semarang,87.13,91.31,92.74,74.28,6,6,5,5,50.06,57.58,64.75,63.14,3036.66,2765.75,2581.9,1227.00,84.08,84.43,85.24,85.80,10.80,10.81,11.05,11.11,95.89,95.91,96.28,96.38,99.97,99.75,99.14,97.70,91.26,80.17,79.63,80.86,92.45,95.31,95.83,98.22,77.69,77.90,78.23,78.72,0.89,0.89,0.90,0.90,,,336,369,72.85,76.85,81.75,83.49
,Kota Pekalongan,69.66,78.94,78.27,70.20,5,6,5,5,52.19,59.48,60.84,53.94,1351.42,1305.89,1359.58,292.00,75.90,76.71,77.21,77.76,9.20,9.29,9.34,9.35,95.29,95.65,95.49,95.65,99.78,99.56,98.87,98.46,76.53,82.33,82.40,78.72,86.82,90.69,89.38,88.20,74.51,74.60,74.79,75.10,0.84,0.84,0.84,0.85,,,72,77,76.58,77.10,79.63,77.50
,Kota Tegal,75.71,86.00,85.73,69.87,6,6,5,5,51.36,58.42,57.19,55.55,625.99,544.5,582.33,1674994.00,76.21,77.06,77.50,77.95,9.00,9.24,9.28,9.29,93.31,93.68,93.92,94.04,98.40,98.34,98.13,97.69,74.75,78.39,72.42,74.68,93.58,94.12,92.48,94.13,74.77,74.84,75.01,75.30,0.84,0.84,0.85,0.85,,,64,67,76.67,78.92,84.56,87.31
DI Yogyakarta,Kulon Progo,82.82,85.54,85.73,72.31,6,6,5,5,59.80,57.10,54.19,56.42,19408.03,18202.53,16948.46,18836.00,75.46,75.82,76.18,76.97,9.17,9.18,9.20,9.33,96.08,95.80,95.86,95.91,98.54,83.85,99.43,,87.09,83.85,86.28,,96.43,97.19,97.16,98.07,75.33,75.35,75.49,75.71,0.85,0.85,0.85,0.86,,,118,120,82.42,85.33,86.59,88.50
,Bantul,80.38,82.07,82.92,76.82,6,6,5,5,54.28,53.78,53.88,54.18,24010.84,22924.01,21308.15,23090.00,80.69,81.74,82.05,83.03,9.59,9.79,9.81,10.11,95.93,95.90,96.05,96.43,99.81,88.86,98.54,,86.20,88.86,92.71,,96.05,97.30,96.46,95.25,74.61,74.64,74.80,75.04,0.84,0.84,0.84,0.85,,,185,192,77.08,78.10,84.66,88.92
,Gunung Kidul,78.74,81.98,82.97,71.47,6,6,5,5,45.38,45.96,37.61,47.32,43703.94,41616.38,37268.13,43057.00,70.96,71.46,72.14,73.13,7.31,7.32,7.35,7.64,86.24,86.35,87.13,87.37,99.56,83.03,99.81,,90.93,83.03,85.95,,96.57,95.78,97.63,98.34,74.75,74.76,74.91,75.12,0.84,0.84,0.84,0.85,,,197,203,85.38,87.04,87.94,89.97
,Sleman,83.16,83.16,84.91,85.50,6,6,6,6,49.15,50.38,49.43,50.53,23796.17,22943.66,21439.97,22225.00,84.31,84.86,85.71,86.35,10.94,11.01,11.33,11.42,96.96,96.94,97.11,97.17,99.38,86.98,99.56,,82.09,86.98,92.73,,97.42,95.78,96.43,97.57,75.17,75.26,75.48,75.81,0.85,0.85,0.85,0.86,,,218,231,80.12,82.71,82.92,87.94
,Kota Yogyakarta,79.28,83.11,84.21,72.11,6,6,5,5,52.17,50.96,51.00,53.96,8.26,7.08,11.43,16.00,87.69,88.61,89.10,89.53,11.89,12.11,12.12,12.13,99.25,99.04,99.25,99.26,99.34,81.71,99.34,,80.49,81.71,88.79,,92.82,96.55,96.27,95.67,75.43,75.52,75.73,76.05,0.85,0.85,0.86,0.86,,,112,121,85.72,88.53,91.10,91.68
Jawa Timur,Pacitan,77.73,80.78,82.94,72.07,6,6,5,5,50.71,51.88,47.70,49.49,17831.47,17923.4,14602.85,26774.00,70.19,70.94,71.49,72.26,7.82,7.88,7.90,7.91,86.29,86.79,87.11,87.59,96.78,96.34,98.42,,78.13,79.97,67.69,,72.64,77.45,81.26,,74.35,74.58,74.74,74.98,0.84,0.84,0.84,0.85,,,131,146,42.98,51.67,,59.16
,Ponorogo,86.20,87.91,88.74,71.22,6,6,5,5,57.08,59.01,59.82,58.80,62964.37,66594.55,63395.6,74200.00,72.59,73.18,73.70,74.65,7.77,7.78,7.80,7.95,94.85,94.98,95.16,95.41,98.91,98.72,98.00,,85.99,85.35,69.36,,86.77,89.79,92.57,,74.81,75.07,75.28,75.61,0.84,0.85,0.85,0.86,,,216,220,55.64,59.52,,61.05
,Trenggalek,80.68,81.90,83.17,76.82,6,6,5,5,52.55,52.10,57.49,56.55,22026.97,22049.36,18239.46,27943.00,71.28,71.96,72.47,73.39,7.89,7.90,7.92,8.09,93.07,93.18,93.20,93.64,92.34,94.01,96.35,,83.92,84.05,66.23,,79.27,81.28,84.66,,74.91,75.16,75.35,75.63,0.85,0.85,0.85,0.86,,,155,159,51.27,55.11,,57.80
,Tulungagung,86.05,85.23,87.35,74.82,6,6,5,5,52.42,58.53,62.87,61.15,39531.25,40238.66,34167.99,39342.00,74.14,74.65,75.13,75.88,8.65,8.66,8.68,8.69,96.28,95.92,95.99,95.84,99.79,99.36,98.72,,85.65,91.57,58.49,,83.60,87.85,87.76,,74.73,74.99,75.20,75.51,0.84,0.85,0.85,0.85,,,265,286,45.47,52.56,,55.62
,Blitar,84.34,86.27,86.43,69.71,6,6,5,5,63.12,66.10,55.59,64.65,34137.74,36340.17,30789.76,35796.00,72.25,72.84,73.44,74.43,7.82,7.83,7.87,8.01,93.85,93.89,94.10,94.35,95.86,96.23,98.69,,79.71,87.56,60.48,,80.11,82.50,86.16,88.52,74.86,75.12,75.32,75.63,0.85,0.85,0.85,0.86,,,227,250,42.61,44.94,,60.69
,Kediri,79.16,78.22,81.19,71.14,6,6,5,5,57.47,58.70,57.08,57.99,29379.86,31268.33,30496.57,34198.00,74.20,74.68,75.18,76.09,8.23,8.24,8.26,8.38,93.64,93.89,94.01,94.14,97.26,97.53,99.73,,86.85,88.82,72.75,,88.68,92.13,94.94,,74.58,74.85,75.07,75.41,0.84,0.84,0.85,0.85,,,335,350,52.08,55.96,,67.20
,Malang,79.26,79.97,81.09,69.76,6,6,5,5,59.17,63.61,62.11,64.53,45901.91,43918.59,41019.97,38178.00,72.23,73.00,73.53,74.45,7.68,7.75,7.80,7.98,89.21,89.26,89.53,89.82,98.54,98.63,99.61,,87.00,87.99,49.31,,81.80,84.03,86.74,,74.88,75.14,75.34,75.63,0.84,0.85,0.85,0.86,,,429,438,44.89,48.72,,58.49
,Lumajang,79.34,79.42,79.58,73.25,6,6,5,5,54.65,55.99,54.07,55.92,55042.50,55128.79,47553.88,50052.00,68.48,69.37,70.31,71.02,6.87,7.14,7.27,7.28,89.30,89.73,90.16,90.30,99.95,99.41,97.87,,79.05,81.83,49.18,,77.99,77.48,82.45,,74.17,74.41,74.57,74.80,0.84,0.84,0.84,0.84,,,167,177,34.03,41.18,,50.62
,Jember,78.34,77.43,78.97,68.52,6,6,4,4,51.26,51.31,51.91,50.17,118489.25,120187.87,120069.41,135436.00,69.80,70.42,70.93,71.57,6.50,6.52,6.54,6.64,85.68,86.03,86.35,86.80,95.67,95.57,97.85,,80.65,85.96,64.07,,65.95,64.47,67.46,,73.79,74.02,74.17,74.37,0.83,0.84,0.83,0.84,,,373,383,46.89,48.16,,52.87
,Banyuwangi,83.82,84.91,85.77,77.62,6,6,6,6,60.22,60.59,58.84,59.97,76748.03,75062.48,67240.56,75650.00,73.15,73.79,74.30,75.17,7.66,7.76,7.78,7.84,87.53,87.96,88.09,88.31,98.03,97.90,98.05,,82.61,87.25,67.40,,78.07,82.63,86.22,,73.67,73.93,74.13,74.43,0.83,0.83,0.83,0.84,,,323,322,39.18,41.43,,67.38
,Bondowoso,73.78,75.50,78.44,70.71,5,5,5,5,49.48,49.20,51.27,49.69,48240.70,50364.98,50609.62,56112.00,69.91,70.56,71.22,71.72,6.22,6.36,6.53,6.54,91.20,91.38,91.49,91.57,97.38,97.22,97.55,,83.45,77.88,57.84,,51.64,57.41,62.10,,72.98,73.19,73.31,73.47,0.82,0.82,0.82,0.82,,,142,145,63.61,65.86,,89.50
,Situbondo,76.31,76.64,80.22,71.67,6,6,5,5,52.88,56.34,54.20,53.47,26784.22,27917.32,29935.08,37251.00,69.76,70.65,71.22,71.87,6.63,6.90,6.93,7.03,87.41,87.78,87.99,88.21,94.84,94.81,97.54,,81.50,70.31,57.78,,54.52,59.37,62.66,,72.99,73.22,73.36,73.54,0.82,0.82,0.82,0.82,,,122,122,47.64,52.33,,64.81
,Probolinggo,73.00,73.27,74.22,68.16,5,5,4,4,55.34,57.24,53.53,53.08,33503.12,35121.69,33177.95,36946.00,69.56,70.36,70.85,71.65,6.13,6.29,6.31,6.43,86.33,86.76,87.11,87.17,99.91,99.67,99.21,,70.83,77.67,52.39,,62.36,66.12,66.39,,73.58,73.80,73.93,74.10,0.83,0.83,0.83,0.83,,,182,185,62.12,64.09,,85.20
,Pasuruan,77.40,79.87,80.31,70.84,6,6,5,5,52.18,53.07,54.29,54.01,47384.82,48999.14,51087,50784.00,71.29,71.91,72.36,73.02,7.42,7.44,7.46,7.47,91.58,91.78,91.94,92.06,97.49,97.35,98.77,,81.96,82.88,50.25,,83.40,86.70,86.36,,74.15,74.41,74.61,74.81,0.83,0.84,0.84,0.84,,,229,245,49.20,57.04,,62.48
,Sidoarjo,82.87,83.51,84.49,77.12,6,6,5,5,62.02,63.12,65.10,60.57,31368.74,31030.46,32100.11,29004.00,81.37,81.88,82.67,83.35,10.77,10.78,10.91,10.94,95.27,95.27,95.45,95.46,99.18,98.97,99.39,,90.28,85.78,75.23,,89.54,94.72,97.95,,75.06,75.36,75.63,76.08,0.85,0.85,0.86,0.86,,,398,408,67.73,74.02,,85.83
,Mojokerto,84.06,86.70,87.32,82.14,6,6,6,6,57.06,56.66,60.41,60.37,49395.45,53462.15,47296.06,51751.00,75.61,76.23,76.69,77.46,8.97,9.11,9.13,9.14,92.10,92.23,92.41,92.85,95.60,97.44,99.52,,83.89,87.87,72.30,,89.87,89.38,91.14,,74.48,74.74,74.95,75.28,0.84,0.84,0.85,0.85,,,217,248,62.94,69.21,,69.00
,Jombang,83.89,83.99,86.43,80.93,6,6,6,6,61.42,61.11,61.82,61.90,54896.68,56762.71,55369.46,71349.00,74.66,75.16,75.67,76.37,8.76,8.77,8.78,8.88,91.11,91.13,91.32,91.62,97.75,98.01,99.09,,89.38,87.31,80.62,,93.67,94.06,96.13,,74.17,74.43,74.64,74.97,0.83,0.84,0.84,0.85,,,260,258,65.92,68.37,,70.23
,Nganjuk,81.82,83.68,84.88,73.66,6,6,5,5,53.53,58.04,58.11,56.53,70331.77,72039.49,69685.57,76989.00,73.95,74.70,75.24,75.89,8.12,8.24,8.25,8.26,94.47,94.75,94.92,95.08,99.96,99.75,99.24,,90.53,88.71,71.75,,83.36,87.83,90.96,,74.17,74.43,74.64,74.96,0.83,0.84,0.84,0.85,,,216,220,53.04,59.39,,75.35
,Madiun,83.93,85.32,86.22,75.24,6,6,5,5,54.96,58.51,59.58,57.98,73061.53,74784.95,73419.94,82826.00,73.51,74.02,74.81,75.47,7.94,7.95,8.20,8.21,92.82,93.02,93.33,93.62,97.23,96.88,97.33,,87.88,88.84,69.24,,89.40,91.99,91.47,,74.34,74.59,74.79,75.11,0.84,0.84,0.84,0.85,,,164,165,58.22,59.07,,86.62
,Magetan,86.36,86.83,87.98,78.30,6,6,6,6,60.66,63.16,62.72,61.14,43965.49,44424,43404.62,50411.00,75.76,76.30,76.77,77.58,8.66,8.67,8.69,8.84,94.77,94.78,95.05,95.01,99.85,99.71,98.62,,86.50,87.30,76.08,,91.01,92.90,89.99,,74.92,75.19,75.42,75.76,0.85,0.85,0.85,0.86,,,179,183,55.36,56.80,,68.95
,Ngawi,85.01,84.98,87.53,76.57,6,6,5,5,58.79,61.74,62.21,59.88,128585.79,124922.92,123075.68,129013.00,72.62,73.28,73.91,74.43,7.59,7.78,7.84,7.88,93.42,93.58,93.79,94.36,97.27,96.80,98.70,,84.49,78.71,68.43,,84.26,85.42,82.99,,74.76,75.01,75.21,75.49,0.84,0.85,0.85,0.85,,,198,208,69.46,71.51,,79.67
,Bojonegoro,83.55,85.40,87.63,72.24,6,6,5,5,52.69,53.20,54.15,54.72,133665.50,132712.02,131220.56,160748.00,71.15,71.80,72.75,73.74,7.43,7.45,7.59,7.78,91.36,91.63,92.22,92.56,99.99,99.56,99.77,,85.35,84.68,63.58,,91.01,92.63,96.43,,74.48,74.72,74.91,75.20,0.84,0.85,0.84,0.85,,,235,245,89.53,92.71,,98.15
,Tuban,83.02,84.41,85.85,73.23,6,6,5,5,58.50,59.65,62.11,59.59,85288.02,84115.63,84211.69,96992.00,70.79,71.40,72.31,73.15,7.37,7.40,7.53,7.54,89.09,89.27,89.59,89.71,98.90,99.22,99.65,,81.85,82.11,56.82,,80.99,85.13,85.12,,74.53,74.77,74.95,75.23,0.84,0.85,0.85,0.85,,,178,189,48.67,49.40,,65.02
,Lamongan,85.86,87.28,90.30,77.06,6,6,5,5,59.90,57.17,59.41,57.68,150903.40,139704.81,130670.42,152564.00,74.83,75.29,75.90,76.81,8.33,8.34,8.48,8.73,90.29,90.47,90.70,90.86,99.99,99.40,99.70,,84.84,83.98,66.21,,90.66,95.00,95.88,,74.60,74.86,75.07,75.40,0.84,0.85,0.85,0.85,,,312,324,63.18,64.40,,75.51
,Gresik,86.81,90.39,90.90,78.46,6,6,6,6,64.98,63.05,60.85,60.58,63287.20,66202.61,54057.45,62003.00,77.62,78.44,78.93,79.69,9.75,10.01,10.03,10.13,91.27,91.39,91.63,92.01,97.39,97.66,98.06,,84.67,83.19,76.00,,90.29,95.00,93.22,,73.96,74.24,74.48,74.90,0.83,0.83,0.84,0.84,,,328,341,61.44,84.29,,89.92
,Bangkalan,70.59,73.23,76.02,61.95,5,5,4,4,48.66,49.00,47.82,47.71,40717.81,38011.82,39554.55,46903.00,66.11,66.82,67.33,68.15,5.97,5.99,6.01,6.15,87.45,87.78,88.09,88.42,99.99,99.58,99.94,,73.92,82.28,44.42,,53.48,50.30,50.31,,73.05,73.29,73.43,73.62,0.82,0.82,0.82,0.82,,,140,149,19.52,29.26,,46.07
,Sampang,73.25,77.08,78.97,63.38,5,6,4,4,49.45,48.05,44.13,44.86,34880.84,34795.54,33068.93,42337.00,65.44,66.19,66.72,67.23,5.06,5.07,5.08,5.19,86.93,87.28,87.52,87.39,97.76,97.65,99.53,,68.85,70.28,43.96,,79.33,82.86,87.24,,73.24,73.49,73.66,73.89,0.82,0.82,0.83,0.83,,,128,141,35.76,43.46,,64.41
,Pamekasan,74.41,79.44,79.08,63.53,5,6,4,4,52.52,54.56,51.69,54.44,20497.42,19884.36,19637.62,24130.00,69.35,70.32,70.85,71.64,6.88,7.15,7.17,7.29,86.99,87.28,87.60,88.04,97.40,97.26,98.11,,78.06,76.43,50.72,,65.95,71.10,72.94,,73.28,73.51,73.66,73.85,0.82,0.83,0.83,0.83,,,117,124,60.01,68.40,,76.17
,Sumenep,74.01,77.02,79.77,73.50,5,6,5,5,55.12,51.33,51.55,52.96,41835.41,42432.97,36761.47,35770.00,68.49,69.13,69.78,70.54,5.93,5.94,6.10,6.24,82.16,82.61,83.03,83.57,99.74,99.40,97.81,,88.34,84.94,59.23,,67.68,70.26,73.31,,73.43,73.69,73.86,74.09,0.82,0.83,0.83,0.83,,,149,169,44.60,47.67,,95.95
,Kota Kediri,73.95,76.42,76.67,70.41,6,6,5,5,54.70,54.43,63.19,59.02,1864.13,1519.69,1328.15,628.00,80.12,80.97,81.88,82.71,10.45,10.69,10.92,11.09,95.55,95.76,95.99,96.36,99.87,99.54,98.95,,85.90,87.10,81.54,,95.87,96.41,95.39,,75.44,75.74,75.94,76.28,0.85,0.86,0.86,0.87,,,108,116,83.01,89.49,,91.98
,Kota Blitar,74.57,79.25,80.80,69.56,6,6,5,5,71.58,71.66,64.84,72.50,728.19,786.57,574.04,837.00,80.15,80.78,81.44,82.03,10.65,10.78,10.82,10.83,97.94,98.09,98.03,98.11,99.49,99.01,99.27,,87.38,89.37,83.61,,95.91,96.22,95.93,,74.71,74.97,75.20,75.47,0.84,0.85,0.85,0.85,,,49,53,82.09,90.42,,97.01
,Kota Malang,80.80,85.27,88.76,66.73,6,6,4,4,62.69,63.19,65.16,63.35,1718.11,1632.88,1610.91,1301.00,83.38,84.00,84.68,85.55,10.69,10.94,11.14,11.36,96.47,96.76,97.02,97.04,99.92,99.50,99.05,,86.74,83.28,72.58,,82.61,86.36,87.84,,75.06,75.32,75.54,75.88,0.85,0.85,0.85,0.86,,,167,185,70.63,80.06,,87.03
,Kota Probolinggo,73.83,80.01,78.62,68.57,6,6,4,4,61.21,57.29,61.06,63.20,1323.99,1309.44,1391.07,1597.00,76.08,76.93,77.79,78.50,9.29,9.56,9.72,9.73,96.66,97.06,97.26,97.52,99.88,99.68,99.28,,87.62,92.23,69.18,,89.27,88.27,91.59,,73.84,74.10,74.31,74.64,0.83,0.83,0.84,0.84,,,59,62,84.61,92.85,,90.10
,Kota Pasuruan,71.21,81.45,84.16,71.46,6,6,5,5,52.32,58.34,55.02,55.12,1393.98,1374.7,1574.89,1355.00,77.71,78.30,78.90,79.52,9.67,9.78,9.94,9.98,97.46,97.59,97.82,98.59,99.92,99.70,99.36,,77.80,89.86,62.84,,89.32,91.73,95.52,,74.38,74.64,74.86,75.19,0.84,0.84,0.84,0.85,,,64,68,91.86,92.83,,96.12
,Kota Mojokerto,81.43,89.83,89.30,68.75,6,6,4,4,60.42,53.07,60.40,58.93,833.03,620.48,571.1,524.00,80.19,80.90,81.76,82.35,10.80,11.05,11.38,11.44,94.65,95.04,95.20,95.65,99.67,99.50,98.97,,88.00,83.34,71.51,,95.59,96.48,98.56,,75.53,75.80,75.99,76.31,0.85,0.86,0.86,0.87,,,48,48,85.69,92.93,,93.10
,Kota Madiun,85.32,92.49,92.29,77.65,6,6,6,6,52.19,55.20,57.58,57.06,2194.58,2204.48,2190.08,2084.00,83.02,83.71,84.51,85.12,11.67,11.82,12.11,12.12,95.52,95.87,95.92,96.05,99.78,99.42,98.84,,83.90,87.11,57.56,,95.38,98.18,95.19,,75.11,75.40,75.67,76.11,0.85,0.85,0.86,0.86,,,68,69,82.76,91.80,,91.57
,Kota Surabaya,81.59,92.14,93.06,73.28,6,6,5,5,56.06,53.58,55.54,57.64,1447.98,1506.01,1321.75,1054.00,83.32,83.99,84.69,85.65,10.51,10.70,10.89,11.15,95.29,95.56,95.75,95.96,97.34,96.98,98.40,,85.86,88.24,57.15,,96.41,97.81,97.69,,75.62,75.82,76.02,76.34,0.85,0.86,0.86,0.87,,,445,487,72.62,80.03,,94.04
,Kota Batu,76.86,80.16,81.31,73.08,6,6,5,5,63.83,66.86,72.72,58.99,1059.45,727.29,503.25,513.00,78.13,79.07,79.69,80.35,9.63,9.85,9.87,9.95,90.94,91.20,91.50,91.87,99.94,99.23,99.92,,86.85,87.86,71.08,,94.37,95.06,96.39,,74.86,75.14,75.36,75.70,0.84,0.85,0.85,0.86,,,40,43,83.29,80.45,,94.21
Banten,Pandeglang,72.32,74.87,75.63,65.24,5,5,4,4,57.67,55.19,53.52,52.42,95925.14,87157.84,77466.21,105490.00,69.70,70.28,70.88,71.84,7.13,7.15,7.16,7.50,87.38,87.71,87.93,88.23,,105.26,98.67,,,87.97,80.06,,62.14,62.08,63.66,,73.63,74.01,74.22,74.56,0.83,0.83,0.83,0.84,,,192,193,43.58,46.35,,52.55
,Lebak,71.96,72.32,72.76,75.16,5,5,5,5,52.26,50.65,48.23,47.62,82353.92,78300.16,74016.18,88819.00,67.19,67.68,68.33,69.24,6.59,6.60,6.61,6.78,80.48,81.16,81.69,82.13,,99.43,98.86,,,77.38,75.98,,67.40,68.83,70.23,,73.43,73.80,73.99,74.30,0.82,0.83,0.83,0.84,,,211,205,58.58,59.52,,66.10
,Tangerang,77.00,76.49,77.60,79.39,6,6,6,6,47.50,52.45,51.17,52.80,61015.22,55304.56,58366.18,58298.00,75.15,75.56,76.19,76.74,8.92,8.93,9.06,9.16,92.10,92.59,92.63,93.30,,95.61,96.55,,,89.93,90.03,,86.63,87.75,89.38,,74.91,75.18,75.34,75.63,0.84,0.85,0.85,0.86,,,439,463,66.97,66.78,,74.57
,Serang,78.63,79.26,81.39,82.12,6,6,6,6,52.70,57.78,53.84,52.80,84760.35,77724.63,75987.48,79503.00,71.99,72.63,73.28,74.10,7.78,7.79,7.88,8.03,93.11,93.40,93.52,93.75,,99.65,99.64,,,85.29,83.81,,82.38,84.07,85.31,,74.22,74.62,74.91,75.39,0.83,0.84,0.84,0.85,,,215,225,41.54,47.46,,59.07
,Kota Tangerang,79.08,86.39,85.92,81.43,6,6,6,6,56.14,62.19,62.17,62.36,610.11,524.62,435.58,164.00,80.44,80.98,81.53,82.41,10.84,10.91,11.14,11.46,95.63,95.81,95.91,96.27,,99.34,99.07,,,83.75,78.72,,94.43,94.95,96.93,,75.02,75.30,75.50,75.86,0.85,0.85,0.85,0.86,,,243,262,74.86,83.29,,90.30
,Kota Cilegon,72.63,81.54,80.12,76.15,6,6,5,5,52.93,53.25,53.07,50.57,1719.38,1686.96,1809.05,1664.00,77.68,78.24,78.83,79.54,10.34,10.38,10.39,10.40,88.28,88.89,89.17,89.29,,99.57,99.73,,,87.99,85.33,,87.72,96.23,97.10,,74.51,74.81,75.03,75.45,0.84,0.84,0.85,0.85,,,73,85,64.02,76.66,,80.20
,Kota Serang,59.88,71.42,71.95,78.52,4,6,6,6,51.57,54.78,53.49,53.17,10856.62,10500.96,11010.11,11482.00,76.01,76.43,76.90,77.50,8.90,8.91,8.93,8.94,93.31,93.41,93.59,93.76,,98.32,98.37,,,83.07,77.02,,91.55,92.36,92.71,,74.84,75.13,75.31,75.63,0.84,0.85,0.85,0.86,,,110,109,55.31,61.33,,67.04
,Kota Tangerang Selatan,78.74,87.43,88.67,78.24,6,6,6,6,-,-,-,-,-,–,–,-,83.28,83.57,84.16,84.81,11.84,11.85,11.86,12.10,95.01,95.10,95.29,95.52,,97.33,97.13,,,87.32,87.02,,97.56,99.29,99.34,,75.40,75.64,75.80,76.09,0.85,0.86,0.86,0.86,,,164,169,72.87,76.37,,83.95
Bali,Jembrana,83.29,86.59,87.64,78.04,6,6,6,6,55.65,62.13,63.17,65.35,10449.95,10277.69,8874.59,11290.00,74.38,74.80,75.32,75.94,8.64,8.65,8.70,8.71,95.19,95.21,95.50,95.54,97.83,97.77,96.98,98.40,94.11,88.12,85.36,86.69,95.20,96.05,96.13,96.79,74.56,74.84,75.07,75.42,0.84,0.84,0.85,0.85,,,86,90,88.22,89.94,91.04,93.25
,Tabanan,92.20,90.54,92.51,77.79,6,6,6,6,58.29,60.13,60.66,58.84,29039.47,28190.36,26906.39,26863.00,77.22,77.87,78.83,79.70,9.15,9.35,9.57,9.81,95.92,95.85,96.16,96.41,98.62,99.22,99.82,96.47,91.51,88.46,89.92,84.50,93.34,95.56,96.25,98.48,75.10,75.41,75.67,76.07,0.85,0.85,0.86,0.86,,,158,159,74.55,80.82,86.81,88.17
,Badung,91.29,91.59,92.90,88.79,6,6,6,6,64.90,68.31,69.30,68.28,15316.80,15329.63,14012.66,12875.00,82.13,83.00,83.73,84.27,10.64,10.90,11.14,11.26,95.69,95.70,96.13,96.22,98.20,98.03,98.72,94.84,84.23,86.64,88.57,87.13,97.50,98.98,99.30,100.00,75.52,75.73,75.90,76.18,0.85,0.86,0.86,0.86,,,145,156,89.85,92.51,90.31,91.92
,Gianyar,91.07,92.16,92.77,83.31,6,6,6,6,64.99,67.72,61.06,61.71,20565.54,18224.45,18827.7,15315.00,78.87,79.69,80.23,80.96,9.55,9.80,9.84,9.93,95.14,95.15,95.31,95.21,97.47,97.40,98.59,96.73,97.70,90.04,89.52,86.83,99.95,99.00,99.52,99.38,75.13,75.45,75.72,76.14,0.85,0.85,0.86,0.86,,,141,141,61.09,73.17,60.78,97.05
,Klungkung,83.29,87.53,87.47,73.79,6,6,5,5,61.60,64.87,62.35,61.89,4177.71,4407.93,3957.41,3938.00,73.77,74.18,75.15,75.89,8.46,8.48,8.74,8.75,92.11,92.51,92.98,93.06,98.25,98.18,97.85,98.43,90.15,74.00,75.63,78.18,96.04,97.70,99.23,99.57,74.48,74.61,74.90,75.32,0.84,0.84,0.84,0.85,,,85,92,92.92,94.69,97.59,98.18
,Bangli,75.10,77.35,77.19,74.17,5,6,5,5,53.51,52.29,52.09,49.57,4042.39,3935.4,3419.26,3076.00,71.47,71.99,72.51,73.22,7.47,7.57,7.58,7.80,92.20,92.72,93.17,93.49,93.53,96.77,99.18,98.82,90.83,74.90,76.31,87.28,92.41,91.58,92.49,94.64,73.67,73.98,74.23,74.60,0.83,0.83,0.83,0.84,,,95,94,81.78,80.98,85.08,91.52
,Karang Asem,78.79,85.28,83.97,75.72,6,6,5,5,61.02,62.24,60.10,62.91,8536.23,7651.87,8000.98,7595.00,69.48,70.09,70.91,71.89,6.67,6.68,6.70,6.98,90.29,90.64,91.22,91.27,99.01,98.85,98.89,97.70,83.99,84.20,87.83,82.56,90.24,90.55,91.31,94.90,73.63,73.93,74.17,74.52,0.83,0.83,0.83,0.84,,,114,115,87.03,91.81,93.81,96.02
,Buleleng,79.91,82.02,83.26,75.76,6,6,5,5,56.04,54.12,55.04,53.93,16187.35,16885.6,16341.2,13750.00,74.48,74.87,75.35,76.06,7.56,7.57,7.69,7.94,92.62,92.70,92.98,93.25,95.10,95.12,98.83,97.25,86.87,85.44,87.30,83.45,92.41,90.99,93.79,95.80,74.55,74.65,74.71,74.87,0.84,0.84,0.84,0.84,,,162,161,79.42,74.71,81.00,86.08
,Kota Denpasar,91.82,95.80,96.37,83.79,6,6,6,6,74.77,66.20,68.10,69.19,4005.18,3611.13,3463.74,1743.00,84.39,84.68,85.11,85.63,11.50,11.52,11.53,11.64,97.57,97.39,97.39,97.84,98.20,98.83,98.67,97.55,79.40,82.25,84.62,84.36,100.00,99.92,99.01,99.92,75.33,75.59,75.80,76.16,0.85,0.86,0.86,0.86,,,126,146,71.64,79.96,80.08,79.51
Nusa Tenggara Barat,Lombok Barat,74.76,73.44,75.74,73.50,5,5,5,5,50.28,52.22,49.42,54.29,26862.66,26302.61,24859.51,25434.00,69.41,72.18,72.70,73.52,6.60,6.87,6.88,7.15,90.36,90.71,90.74,90.44,99.91,96.58,91.28,91.59,87.22,87.09,86.99,,75.74,77.81,79.62,,71.94,72.37,72.64,73.03,0.80,0.81,0.81,0.82,,,155,167,49.14,59.72,,59.66
,Lombok Tengah,77.06,75.60,79.50,75.07,6,5,5,5,53.12,52.59,50.51,53.80,70264.03,72413.84,70777.87,78912.00,67.57,70.41,71.19,72.07,6.44,6.61,6.73,7.08,88.36,88.78,88.86,89.03,97.01,95.46,92.73,91.26,82.37,80.66,79.23,,82.10,83.18,85.31,,71.02,71.39,71.59,71.89,0.78,0.79,0.79,0.80,,,230,254,46.14,47.34,,61.08
,Lombok Timur,73.87,71.48,73.32,70.36,5,5,5,5,56.61,55.76,53.66,53.34,42712.90,44699.88,47390.38,45202.00,67.59,70.65,71.48,72.35,7.04,7.12,7.36,7.71,92.54,92.35,92.48,92.62,99.92,95.37,95.45,90.95,85.26,84.78,85.34,,83.35,85.68,87.98,,71.33,71.72,71.95,72.29,0.79,0.80,0.80,0.80,,,245,275,55.89,55.28,,67.76
,Sumbawa,83.32,84.00,85.82,74.59,6,6,5,5,55.90,56.80,55.32,54.03,55173.06,56579.25,53470.91,74729.00,68.89,71.68,72.36,73.27,8.21,8.52,8.59,8.88,94.56,94.88,95.05,94.80,98.17,87.92,92.98,91.93,86.27,77.48,79.95,,84.54,89.29,89.40,,72.03,72.41,72.67,73.07,0.80,0.81,0.81,0.82,,,166,174,59.98,59.26,,73.68
,Dompu,81.30,78.85,81.24,77.50,6,6,6,6,51.65,49.73,46.78,50.66,16206.83,18977.98,21724.89,30417.00,69.15,71.77,72.59,73.58,8.73,8.97,9.04,9.38,91.19,91.39,91.57,91.65,99.98,81.49,84.30,91.51,88.50,84.93,84.10,,78.09,83.23,84.63,,71.18,71.54,71.76,72.09,0.79,0.79,0.80,0.80,,,74,78,57.85,61.10,,67.40
,Bima,80.39,77.68,78.26,77.98,6,6,6,6,51.83,49.91,48.50,48.12,35364.79,44474.36,42201.82,42833.00,67.57,70.33,70.99,71.97,8.17,8.29,8.30,8.61,92.47,92.26,92.41,92.58,97.76,81.71,90.44,87.69,84.66,82.95,80.73,,83.33,85.24,87.90,,71.28,71.65,71.88,72.22,0.79,0.79,0.80,0.80,,,162,169,61.40,61.17,,65.48
,Sumbawa Barat,84.39,86.02,86.47,80.40,6,6,6,6,52.45,51.89,48.99,52.70,12951.23,13657.08,10544.63,14541.00,72.65,74.84,75.52,76.46,8.90,8.98,8.99,9.35,93.74,93.57,93.73,93.89,99.77,91.15,93.47,91.59,85.07,89.41,87.60,,97.18,99.45,98.09,,72.22,72.65,72.97,73.44,0.80,0.81,0.81,0.82,,,58,64,82.07,86.09,,85.57
,Lombok Utara,68.17,65.92,68.39,76.97,5,4,5,5,56.55,61.74,60.78,60.75,5673.62,5337.05,6070.36,5529.00,65.70,68.02,68.64,69.63,6.30,6.39,6.40,6.75,86.28,85.89,86.08,86.33,97.82,91.56,92.47,91.91,80.79,86.18,86.35,,81.44,84.72,85.88,,70.84,71.26,71.52,71.88,0.78,0.79,0.79,0.80,,,55,60,72.36,75.00,,90.88
,Kota Mataram,72.28,77.79,80.15,78.16,6,6,6,6,64.79,64.19,66.14,62.65,2556.73,2548.21,2338.93,2746.00,79.59,81.15,81.64,82.37,9.55,9.56,9.58,9.89,93.70,94.03,94.10,94.22,99.24,97.00,96.56,97.74,91.22,88.74,87.91,,91.36,89.57,89.72,,74.35,74.65,74.83,75.12,0.84,0.84,0.84,0.85,,,104,115,69.47,73.10,,82.42
,Kota Bima,70.25,74.31,75.53,81.96,5,6,6,6,46.86,52.23,53.89,52.87,2327.03,2521.88,2338.53,2552.00,76.84,78.24,78.91,79.41,10.94,10.95,10.96,10.97,96.95,96.98,97.03,96.96,99.98,90.09,88.77,88.18,96.90,78.46,76.36,,90.23,92.65,93.63,,72.65,72.97,73.15,73.45,0.81,0.81,0.82,0.82,,,57,58,79.35,82.49,,89.61
Nusa Tenggara Timur,Sumba Barat,68.08,69.46,71.31,55.09,5,5,3,3,33.71,36.54,36.82,44.30,8953.78,8525.03,6350.94,8235.00,66.03,66.82,67.70,68.46,6.85,6.92,7.17,7.39,94.60,94.87,95.09,95.54,93.40,94.18,95.54,90.45,71.01,73.51,75.21,72.73,52.84,58.83,60.76,62.82,70.97,71.16,71.37,71.63,0.78,0.79,0.79,0.79,,,31,26,93.94,,,97.28
,Sumba Timur,69.30,70.21,70.98,56.94,5,5,3,3,35.81,40.02,36.57,41.13,14602.19,15711.13,13509.34,22051.00,68.82,69.63,70.28,70.99,7.33,7.57,7.77,7.94,96.50,96.21,96.39,96.56,98.99,98.54,99.24,97.11,70.98,69.19,68.31,77.80,59.76,61.81,65.88,70.10,71.05,71.31,71.57,71.91,0.79,0.79,0.79,0.80,,,124,122,80.77,,,86.45
,Kupang,65.54,69.02,70.45,59.51,4,5,3,3,39.57,44.82,50.40,53.19,15479.07,18609.03,12508.23,17746.00,66.72,67.51,68.26,69.03,7.41,7.42,7.62,7.87,88.49,88.70,89.13,89.13,94.69,94.50,96.01,97.69,74.68,74.81,76.83,81.60,78.15,76.42,73.34,77.12,68.87,69.24,69.53,69.91,0.75,0.76,0.76,0.77,,,185,186,61.82,,,76.21
,Timor Tengah Selatan,63.65,67.61,67.02,56.47,4,4,3,3,46.68,40.58,44.39,44.17,3345.01,3888.33,3409.5,6544.00,64.54,65.39,66.22,66.88,6.76,6.97,7.21,7.43,95.19,95.64,96.04,95.93,98.00,97.93,98.05,94.82,67.91,66.88,68.49,71.80,60.52,67.93,70.72,71.13,70.84,71.02,71.22,71.47,0.78,0.78,0.79,0.79,,,149,180,58.78,,,73.63
,Timor Tengah Utara,69.36,72.96,73.61,58.57,5,5,3,3,34.48,41.15,37.58,49.55,7440.85,9634.62,9885.64,10969.00,65.65,66.56,67.27,67.87,7.97,8.16,8.17,8.36,95.51,95.85,96.10,96.23,96.47,96.28,97.12,95.01,68.19,68.51,68.45,79.13,81.98,80.56,80.84,84.31,70.50,70.75,71.02,71.39,0.78,0.78,0.78,0.79,,,87,89,65.62,,,66.41
,Belu,70.48,75.69,71.21,56.52,5,6,3,3,43.38,32.52,31.44,44.88,5357.34,4125.97,3756.66,4890.00,66.87,67.50,68.13,68.89,7.38,7.39,7.50,7.73,98.15,98.12,98.06,98.15,95.88,95.75,97.15,96.85,63.51,64.73,61.79,75.26,83.96,83.95,85.78,86.89,73.58,73.97,74.30,74.77,0.82,0.83,0.84,0.84,,,50,52,77.06,,,64.78
,Alor,58.97,65.43,63.81,55.70,3,4,3,3,29.93,31.70,30.45,35.52,1188.15,617.72,1036.1,1309.00,66.08,66.82,67.70,68.44,8.43,8.45,8.61,8.72,92.66,92.79,93.02,93.24,94.72,94.60,97.75,95.54,74.31,74.84,76.26,75.85,81.59,81.57,85.83,88.39,70.19,70.55,70.88,71.33,0.77,0.78,0.78,0.79,,,87,97,76.86,,,81.25
,Lembata,66.98,69.00,70.11,54.25,4,5,3,3,44.16,29.69,29.34,39.16,45.54,280.64,256.13,454.00,67.76,68.41,68.95,69.70,8.25,8.26,8.27,8.49,91.60,91.74,91.95,92.17,94.81,94.96,97.18,94.01,80.77,81.83,79.09,79.97,88.41,87.36,88.61,92.61,72.68,73.00,73.35,73.81,0.81,0.82,0.82,0.83,,,57,59,71.37,,,77.77
,Flores Timur,73.00,73.54,68.61,59.23,5,5,3,3,22.89,21.23,20.36,22.88,3283.54,2826.99,2533.13,3134.00,68.36,69.24,69.79,70.61,7.79,8.04,8.06,8.19,92.49,92.43,92.74,92.94,99.96,99.91,98.47,95.12,65.42,73.00,76.21,77.53,88.00,93.03,96.98,95.13,73.23,73.57,73.91,74.37,0.82,0.82,0.83,0.84,,,89,97,56.59,,,68.97
,Sikka,75.72,77.07,77.22,61.80,6,6,4,4,35.32,39.30,37.08,41.75,3211.93,3169.86,3427.56,4571.00,68.66,69.41,69.96,70.65,6.96,6.98,6.99,7.20,89.30,89.87,90.33,90.79,98.83,98.70,98.84,92.07,69.91,73.44,75.97,70.15,79.16,80.66,85.35,87.12,73.75,73.97,74.24,74.64,0.83,0.83,0.83,0.84,,,115,111,67.14,,,71.38
,Ende,70.13,73.42,72.93,63.06,5,5,4,4,46.87,46.20,44.29,43.23,4668.10,5336.34,5048.27,6222.00,71.10,71.77,72.24,72.73,8.09,8.20,8.29,8.52,96.53,96.35,96.50,96.51,95.86,95.67,96.99,98.45,69.55,75.99,77.74,83.92,88.09,88.45,92.69,94.12,72.38,72.74,72.87,73.06,0.81,0.81,0.81,0.82,,,96,96,77.30,,,75.44
,Ngada,78.00,81.74,82.72,64.71,6,6,4,4,42.42,51.34,49.25,49.98,11333.52,11223.39,9370.09,10577.00,70.73,71.61,72.04,72.53,8.54,8.82,8.83,8.84,96.32,96.95,97.10,97.32,98.76,98.75,98.19,95.54,81.60,84.40,81.65,79.83,86.66,87.08,86.56,94.51,73.85,74.12,74.43,74.89,0.83,0.83,0.84,0.84,,,91,91,58.35,,,67.71
,Manggarai,74.27,76.93,75.69,61.54,5,6,4,4,45.88,44.90,46.23,50.83,19258.58,17724.85,18066.08,16479.00,67.88,68.48,69.35,70.10,7.62,7.63,7.91,8.17,88.47,88.99,89.15,89.62,94.94,95.23,96.74,94.38,68.59,74.54,73.34,80.74,62.10,62.76,66.26,69.37,71.96,72.20,72.44,72.76,0.80,0.80,0.81,0.81,,,118,124,69.15,,,71.76
,Rote Ndao,68.23,70.43,71.27,55.34,5,5,3,3,36.31,39.61,38.89,42.84,7941.17,7767.75,6919.65,14224.00,65.05,65.79,66.40,67.01,7.76,7.82,7.83,7.84,85.04,85.39,85.69,86.23,99.13,98.99,98.88,95.74,74.08,74.09,73.05,75.98,88.82,84.92,85.16,88.19,69.32,69.55,69.81,70.17,0.76,0.76,0.77,0.77,,,105,113,50.77,,,56.90
,Manggarai Barat,75.17,76.76,78.00,60.88,5,6,3,3,50.30,44.87,44.75,50.11,24670.41,22372.69,23994.86,25995.00,66.95,67.84,68.68,69.20,7.80,7.94,8.21,8.26,87.82,88.51,89.11,89.13,93.13,93.16,94.15,96.53,74.38,79.49,83.13,82.28,78.09,80.81,82.03,84.76,72.35,72.59,72.86,73.24,0.81,0.81,0.81,0.82,,,85,84,80.89,,,83.19
,Sumba Tengah,63.76,67.29,65.96,53.38,4,4,2,2,38.29,33.95,42.71,44.93,6317.27,6916.75,5109.5,6899.00,62.84,63.63,64.46,65.29,6.73,7.00,7.23,7.50,90.51,90.75,91.25,91.61,99.42,99.40,99.30,96.33,75.86,80.69,84.31,77.71,54.29,48.22,52.51,62.31,68.96,69.21,69.46,69.77,0.75,0.76,0.76,0.77,,,29,31,96.48,,,98.44
,Sumba Barat Daya,58.36,62.66,62.53,49.22,3,4,2,2,37.08,34.74,30.21,32.01,13332.65,14302.87,13253.47,13660.00,63.15,63.74,64.27,64.82,6.37,6.38,6.39,6.47,98.25,98.26,98.36,98.29,92.11,91.95,93.98,94.98,59.56,62.46,59.48,75.44,45.83,49.82,52.60,58.48,68.79,68.99,69.20,69.46,0.75,0.75,0.76,0.76,,,74,79,69.73,,,73.95
,Nagekeo,73.33,74.27,75.20,57.74,5,5,3,3,36.61,36.83,50.72,49.74,7518.67,6359.42,7821.06,11137.00,68.17,69.03,69.70,70.48,7.91,8.14,8.23,8.47,98.72,98.01,98.44,98.47,98.72,98.64,98.64,95.97,75.37,75.50,78.24,86.51,88.30,80.06,83.52,93.58,71.89,72.24,72.51,72.89,0.80,0.80,0.81,0.81,,,73,67,50.26,,,64.62
,Manggarai Timur,65.49,66.69,66.92,59.62,4,4,3,3,47.22,44.85,46.00,43.48,16513.01,16465.59,15407.23,16935.00,64.11,65.05,66.03,66.63,7.42,7.70,7.96,8.11,91.39,91.51,92.07,91.93,99.68,99.32,99.25,95.18,70.58,85.78,83.15,77.06,51.83,54.82,55.75,64.18,72.62,72.79,72.98,73.19,0.81,0.81,0.82,0.82,,,100,109,52.23,,,61.01
,Sabu Raijua,55.04,58.42,56.66,51.43,3,3,2,2,48.40,45.57,38.54,52.96,1488.72,1458.3,723.57,1959.00,60.35,61.37,62.06,62.74,6.77,6.98,6.99,7.10,92.82,92.52,92.70,93.21,92.67,92.90,96.21,94.00,75.68,77.17,79.76,72.64,69.60,75.21,83.51,86.96,66.29,66.46,66.65,66.88,0.71,0.71,0.72,0.72,,,62,64,89.22,,,84.68
,Malaka,68.56,73.00,71.78,59.56,5,5,3,3,37.86,39.11,38.25,48.99,6815.93,7054.92,6063.09,7855.00,63.84,64.50,65.13,65.84,7.12,7.13,7.14,7.38,90.22,90.55,90.92,91.70,96.03,96.16,97.73,95.18,60.90,79.51,78.05,78.42,70.88,71.32,73.70,75.48,71.12,71.28,71.47,71.72,0.79,0.79,0.79,0.80,,,52,54,40.01,,,71.21
,Kota Kupang,73.89,75.85,75.94,59.89,6,6,3,3,48.02,48.93,50.50,63.00,326.56,326.7,277.15,244.00,82.37,82.77,83.21,83.65,11.61,11.62,11.64,11.66,97.20,97.23,97.38,97.45,92.14,92.15,93.98,96.17,73.23,75.13,75.02,73.62,82.74,89.47,91.69,93.47,74.29,74.66,74.95,75.38,0.84,0.84,0.85,0.85,,,113,117,78.61,,,85.19
Kalimantan Barat,Sambas,69.84,69.71,70.83,66.57,5,5,4,4,27.95,30.57,30.45,30.03,63168.71,58030.79,64122.36,68422.00,69.88,70.60,71.20,72.08,6.74,6.75,6.76,7.00,88.37,88.91,89.04,89.77,98.52,98.48,99.14,94.35,63.99,72.87,74.62,70.71,90.43,90.02,93.68,,73.70,74.02,74.32,74.80,0.83,0.83,0.84,0.84,,,144,147,46.78,50.13,,61.84
,Bengkayang,81.00,81.36,81.24,75.11,6,6,5,5,30.99,34.21,30.57,28.32,10436.62,10171.21,12031.85,16274.00,68.74,69.53,70.30,70.99,7.00,7.22,7.41,7.62,83.23,83.68,84.09,84.69,97.24,97.61,98.62,96.07,61.41,65.01,68.90,82.46,79.53,83.76,84.37,,74.00,74.20,74.42,74.74,0.83,0.83,0.84,0.84,,,86,90,61.27,71.84,,76.31
,Landak,77.07,76.89,76.96,69.95,6,6,5,5,31.33,32.96,31.09,27.89,29829.89,30410.15,31205.62,43741.00,67.28,68.22,69.13,69.92,7.15,7.24,7.46,7.76,89.20,89.52,89.78,89.85,96.27,97.05,99.42,96.26,65.60,67.49,69.39,64.82,66.00,65.24,66.28,,73.64,73.95,74.13,74.40,0.83,0.83,0.83,0.84,,,95,113,66.79,66.72,,78.56
,Mempawah,74.61,74.04,73.85,74.31,5,5,5,5,33.18,31.86,35.20,33.77,15125.74,15334.95,17913.41,12548.00,67.91,68.91,69.63,70.59,7.17,7.20,7.21,7.40,88.82,89.39,89.64,89.87,98.85,98.75,99.60,96.94,58.09,73.50,74.59,79.50,79.44,81.92,80.80,,73.75,74.04,74.34,74.82,0.83,0.83,0.84,0.84,,,50,51,56.87,66.06,,79.99
,Sanggau,73.63,77.82,78.51,75.80,5,6,5,5,24.52,25.67,25.64,22.76,26153.43,25139.24,25062.52,35930.00,67.87,68.73,69.40,70.36,7.41,7.44,7.47,7.81,82.59,83.10,83.53,83.89,98.05,98.07,98.52,96.17,65.79,71.07,74.29,67.07,64.98,65.96,73.57,,73.83,74.01,74.15,74.36,0.83,0.83,0.83,0.84,,,111,118,41.63,46.76,,48.25
,Ketapang,74.41,75.99,77.17,73.19,5,6,5,5,38.72,37.50,36.56,36.53,27283.40,23501.08,29236.61,22718.00,68.86,69.61,70.34,71.30,7.48,7.55,7.68,7.99,89.34,89.79,89.98,90.03,97.18,97.38,98.07,97.32,71.60,73.52,76.66,70.09,74.10,80.12,83.89,,73.44,73.58,73.72,73.92,0.82,0.82,0.83,0.83,,,213,208,46.51,50.76,,69.09
,Sintang,67.25,75.46,76.17,69.70,4,5,5,5,27.85,26.91,28.29,22.12,11240.76,9100.6,10727.75,10235.00,68.59,69.39,70.13,70.92,7.36,7.64,7.65,7.86,87.82,88.23,88.62,89.02,97.99,98.52,99.68,93.34,56.87,67.84,71.47,68.02,73.63,78.91,80.06,,73.81,74.07,74.35,74.71,0.83,0.83,0.84,0.84,,,138,145,50.03,54.93,,59.60
,Kapuas Hulu,70.90,69.97,74.43,68.28,5,5,4,4,27.38,29.08,27.94,22.25,5542.94,6117.85,5321.26,5373.00,66.91,67.86,68.77,69.24,7.59,7.82,8.03,8.04,86.29,86.69,87.00,87.23,98.35,98.14,98.02,95.42,68.25,72.85,69.78,78.38,60.31,69.76,74.44,,73.20,73.33,73.49,73.69,0.82,0.82,0.82,0.83,,,113,116,38.09,46.34,,45.90
,Sekadau,72.95,71.55,73.84,76.19,5,5,5,5,29.60,28.90,31.80,27.04,9889.04,9522.54,11437.76,12074.00,66.13,66.83,67.74,68.73,7.12,7.13,7.23,7.53,83.72,84.44,84.58,84.80,98.24,98.20,98.78,97.36,65.74,66.56,69.31,75.59,72.33,77.83,72.69,,73.72,73.93,74.12,74.30,0.83,0.83,0.83,0.84,,,76,83,45.94,52.19,,58.64
,Melawi,59.04,54.80,59.56,68.79,3,3,4,4,26.93,29.94,27.11,21.75,2953.29,3071.59,2911.24,4560.00,66.99,67.92,68.81,69.80,7.18,7.42,7.66,8.05,81.17,81.36,82.02,82.43,95.73,95.76,98.04,97.36,64.92,65.39,68.56,75.02,65.50,66.24,71.38,,73.57,73.70,73.82,73.96,0.82,0.83,0.83,0.83,,,71,78,48.62,50.78,,51.94
,Kayong Utara,75.03,75.27,76.53,76.55,5,5,5,5,34.87,35.82,34.25,34.33,12126.42,10647.66,10895.44,8187.00,65.09,66.06,67.05,67.60,6.21,6.35,6.54,6.55,86.69,86.85,87.06,87.13,98.37,98.14,98.23,95.29,81.40,81.74,83.68,74.79,77.87,70.59,73.00,,71.81,72.17,72.54,73.02,0.80,0.80,0.81,0.82,,,47,49,78.47,84.41,,95.98
,Kubu Raya,69.28,68.61,68.90,66.49,5,5,4,4,28.86,28.94,27.11,30.11,24369.83,19427.79,22666.65,19296.00,69.83,70.50,71.14,72.01,7.02,7.04,7.05,7.35,85.25,85.64,85.92,86.85,97.61,97.91,98.84,94.20,80.14,70.47,71.37,72.96,73.52,77.79,77.94,,73.01,73.27,73.42,73.66,0.82,0.82,0.82,0.83,,,127,127,49.49,54.82,,60.85
,Kota Pontianak,64.81,71.15,72.55,73.16,5,6,5,5,35.09,35.17,27.86,33.01,130.38,116.63,122.56,171.00,81.10,81.63,82.22,82.80,10.44,10.45,10.47,10.48,94.98,95.09,95.20,95.46,95.93,96.11,97.09,95.21,72.23,73.33,75.99,70.82,98.13,98.06,96.50,,74.72,75.07,75.46,75.96,0.84,0.85,0.85,0.86,,,76,82,52.55,60.20,,71.50
,Kota Singkawang,61.50,68.12,68.27,77.47,5,5,6,6,37.69,36.10,36.39,32.71,3228.15,3476.44,3552.68,4023.00,73.66,74.13,74.68,75.67,8.19,8.21,8.22,8.58,93.30,93.68,93.91,94.07,98.49,98.52,98.51,96.37,73.92,74.17,72.01,65.98,93.70,88.29,89.23,,74.14,74.42,74.75,75.23,0.83,0.84,0.84,0.85,,,55,57,72.77,75.56,,82.37
Kalimantan Tengah,Kotawaringin Barat,60.23,60.27,62.27,72.58,4,4,5,5,28.68,28.45,33.04,38.06,115.20,155.53,188.81,280.62,74.39,74.92,75.35,76.02,8.54,8.66,8.77,8.87,91.96,92.20,92.54,93.22,98.20,98.16,96.79,98.57,79.59,81.55,85.13,81.19,88.08,92.21,92.00,94.37,73.05,73.13,73.29,73.53,0.82,0.82,0.82,0.82,,,146,150,55.78,60.14,65.69,62.72
,Kotawaringin Timur,76.95,73.69,73.03,81.35,6,5,6,6,28.53,29.88,32.46,33.51,10222.83,8735.39,9162.54,9309.73,73.45,73.99,74.47,74.96,8.16,8.17,8.18,8.25,88.75,88.95,89.23,89.54,98.99,99.48,99.40,98.55,78.23,80.71,82.39,74.26,73.23,74.97,75.67,83.44,73.99,74.22,74.38,74.61,0.83,0.83,0.84,0.84,,,210,219,50.90,63.48,61.35,66.21
,Kapuas,78.78,80.59,82.66,74.83,6,6,5,5,32.73,31.19,30.67,33.16,46764.35,44093.39,48720.01,34739.83,71.72,72.40,72.98,73.47,7.64,7.84,7.93,8.04,95.48,95.61,95.77,95.83,99.79,99.77,99.32,98.11,74.29,74.70,75.98,79.21,53.31,60.98,63.31,69.65,72.71,72.75,72.86,73.02,0.81,0.81,0.81,0.82,,,153,169,39.68,43.55,55.93,61.02
,Barito Selatan,64.06,66.35,67.09,69.03,4,4,4,4,29.82,32.95,35.49,31.27,2069.58,1854.2,2000.8,1858.32,73.45,74.01,74.76,75.21,9.01,9.13,9.22,9.35,92.09,92.38,92.69,92.78,99.69,99.39,98.29,98.28,91.67,85.99,87.52,76.10,57.60,62.75,64.30,68.44,72.54,72.63,72.79,73.00,0.81,0.81,0.81,0.82,,,81,78,41.90,43.30,62.79,72.46
,Barito Utara,83.20,83.01,81.65,72.73,6,6,5,5,28.58,31.80,23.79,25.69,2831.79,2522.64,3150.63,4647.92,72.16,72.71,73.17,73.58,8.90,8.91,8.92,8.93,88.22,88.03,88.30,88.54,99.94,99.38,99.38,95.21,83.86,82.29,83.90,80.72,75.01,69.57,73.32,85.04,73.58,73.58,73.65,73.75,0.82,0.82,0.83,0.83,,,111,112,35.86,39.79,46.97,59.98
,Sukamara,60.10,60.04,61.78,69.19,4,4,4,4,36.21,36.55,28.55,38.03,577.61,440.03,637.84,291.56,69.86,70.35,70.83,71.45,8.10,8.17,8.18,8.23,92.31,92.49,92.61,92.95,99.92,99.79,97.98,96.99,69.46,70.15,72.24,73.91,79.96,78.95,81.20,88.48,73.91,74.12,74.37,74.75,0.83,0.83,0.84,0.84,,,47,46,71.99,66.65,76.87,78.61
,Lamandau,74.81,58.90,59.34,72.29,5,3,5,5,24.05,29.17,27.61,29.76,371.93,250.54,288.41,361.51,72.81,73.44,73.95,74.46,8.53,8.67,8.82,8.83,92.24,91.95,92.33,92.94,99.44,98.28,96.73,95.60,89.04,82.47,85.37,75.14,75.20,77.54,79.34,91.96,73.26,73.31,73.59,74.01,0.82,0.82,0.82,0.83,,,103,103,50.54,55.73,60.31,57.76
,Seruyan,62.55,59.25,65.03,64.72,4,3,4,4,25.26,28.14,30.08,27.60,2730.36,3115.7,2775.24,5015.36,69.81,70.24,70.66,71.24,7.99,8.00,8.01,8.08,89.34,89.49,89.73,89.96,99.08,98.94,99.38,97.79,80.46,80.50,82.69,80.32,70.83,75.01,79.33,76.46,72.94,73.09,73.29,73.59,0.81,0.82,0.82,0.82,,,115,114,61.00,65.88,79.01,67.36
,Katingan,77.50,76.74,77.99,76.46,6,6,5,5,27.93,30.22,33.26,32.01,11098.26,12010.32,12049.32,12772.29,73.43,73.90,74.37,74.68,8.78,8.85,8.95,8.96,86.62,86.93,87.43,87.64,98.90,98.88,98.05,98.28,76.19,78.14,77.67,84.88,84.56,72.97,79.43,87.39,73.89,73.98,74.14,74.39,0.83,0.83,0.83,0.84,,,157,160,57.78,53.19,50.16,62.81
,Pulang Pisau,79.76,81.33,81.88,72.71,6,6,5,5,33.96,36.89,38.70,40.87,25300.40,22522.39,25931.17,21166.24,71.05,71.62,72.36,72.99,8.26,8.27,8.42,8.47,92.27,92.40,92.43,92.44,99.52,99.02,97.16,96.78,79.75,76.40,74.47,82.17,60.67,66.10,67.87,71.63,72.77,72.97,73.24,73.62,0.81,0.81,0.82,0.82,,,98,102,45.40,50.76,53.85,62.67
,Gunung Mas,53.74,55.49,56.38,69.42,3,3,4,4,25.11,31.41,27.65,20.51,226.52,203.61,112.72,69.77,72.50,73.18,73.88,74.46,9.24,9.25,9.37,9.40,92.23,92.61,92.72,93.08,99.98,99.79,99.77,94.75,80.20,81.50,77.90,74.93,92.87,85.74,84.83,82.00,73.09,73.31,73.58,73.97,0.82,0.82,0.82,0.83,,,88,88,43.42,43.38,59.69,60.20
,Barito Timur,80.41,80.29,81.16,74.00,6,6,5,5,35.46,39.94,34.90,38.17,4942.69,5099.04,5497.95,6368.92,73.69,74.21,74.81,75.50,9.32,9.45,9.54,9.71,89.00,89.25,89.56,90.11,98.62,97.98,96.45,98.82,77.05,77.76,77.74,84.09,84.20,89.93,91.74,90.62,71.95,72.04,72.21,72.48,0.80,0.80,0.80,0.81,,,84,86,58.43,60.40,61.94,74.27
,Murung Raya,48.08,49.08,51.29,61.09,2,2,3,3,22.58,18.63,16.94,12.54,967.29,561.53,500.53,268.40,70.13,70.91,71.58,72.34,7.66,7.81,7.94,8.12,83.85,84.44,84.98,85.53,99.05,98.97,98.93,96.93,77.94,82.11,84.99,81.41,64.91,63.18,63.69,80.76,73.07,73.23,73.44,73.73,0.82,0.82,0.82,0.83,,,120,126,63.90,72.98,81.13,85.88
,Kota Palangka Raya,79.24,79.61,80.69,76.05,6,6,5,5,31.40,33.45,31.90,37.50,7.94,15.99,0.15,1.01,81.47,81.95,82.53,82.98,11.55,11.65,11.66,11.69,95.63,95.73,95.92,96.31,98.41,98.46,97.35,96.06,76.46,76.05,76.87,77.17,90.55,93.51,91.96,94.99,74.07,74.23,74.49,74.92,0.83,0.83,0.84,0.84,,,55,58,64.70,70.36,79.29,79.48
Kalimantan Selatan,Tanah Laut,82.06,83.45,80.59,79.90,6,6,6,6,36.79,35.08,42.73,40.92,19972.63,15062.41,25091.89,27665.00,72.33,72.98,73.42,74.32,7.90,7.92,7.94,8.09,87.84,88.22,88.54,89.26,98.71,98.51,98.48,,74.35,70.23,73.10,,77.00,74.29,74.12,,74.21,74.46,74.64,74.88,0.83,0.84,0.84,0.84,,,111,118,75.08,79.46,,81.44
,Kota Baru,77.03,69.84,75.34,82.21,6,5,6,6,40.63,40.62,38.89,40.06,4334.48,4126.22,4077.14,5609.00,71.57,72.01,72.42,73.03,7.47,7.55,7.56,7.71,85.26,85.46,85.62,86.07,98.68,98.47,97.51,,75.85,76.74,79.63,,71.57,70.13,73.12,,73.55,73.76,73.88,74.03,0.82,0.83,0.83,0.83,,,107,123,48.65,46.15,,59.26
,Banjar,80.17,81.63,81.54,84.70,6,6,6,6,34.73,36.73,37.79,38.20,37163.25,31108.85,40628.14,43461.00,73.25,74.01,74.41,75.11,7.71,7.94,7.95,8.15,92.27,92.75,92.88,92.92,99.18,99.03,97.44,,72.36,71.73,72.45,,81.37,82.57,83.18,,73.04,73.33,73.55,73.87,0.82,0.82,0.82,0.83,,,136,143,46.01,49.99,,59.49
,Barito Kuala,81.02,80.84,82.85,84.42,6,6,6,6,32.55,34.65,37.36,35.49,57402.57,54335.98,58873,91057.00,69.87,70.67,71.40,72.05,7.63,7.74,7.92,7.99,90.07,89.92,90.28,90.56,99.59,98.77,98.82,,77.52,75.24,74.37,,52.75,56.66,57.71,,71.94,72.28,72.52,72.85,0.80,0.80,0.81,0.81,,,85,87,46.92,52.18,,64.28
,Tapin,84.60,88.10,88.58,82.60,6,6,6,6,39.46,42.83,41.46,42.43,25656.31,25161.64,27639.43,25764.00,72.61,73.52,74.06,74.98,7.95,8.05,8.15,8.38,84.99,85.78,86.14,86.43,99.38,99.09,97.95,,72.86,77.52,75.46,,79.81,80.67,80.86,,74.39,74.47,74.72,75.09,0.84,0.84,0.84,0.85,,,56,57,55.72,59.84,,76.48
,Hulu Sungai Selatan,79.59,81.31,83.19,84.56,6,6,6,6,46.19,47.09,47.11,47.26,12657.55,18224.8,19905.34,19619.00,72.47,73.21,73.95,74.81,7.79,7.86,8.09,8.18,90.19,89.74,90.21,90.54,99.74,99.60,98.83,,74.67,82.23,81.57,,80.92,82.86,84.45,,72.15,72.52,72.82,73.27,0.80,0.81,0.81,0.82,,,93,95,88.43,92.97,,98.39
,Hulu Sungai Tengah,79.60,79.06,81.30,85.67,6,6,6,6,47.28,46.86,47.53,44.51,23213.63,23153.01,24709.56,23357.00,72.32,72.76,73.33,74.26,8.28,8.29,8.35,8.45,96.66,96.20,96.31,96.77,99.75,99.53,98.37,,72.52,72.28,74.95,,79.85,83.86,86.68,,72.00,72.33,72.60,73.02,0.80,0.81,0.81,0.82,,,65,69,83.51,86.17,,96.76
,Hulu Sungai Utara,82.05,74.23,81.20,79.74,6,5,6,6,46.18,55.97,52.29,55.68,5.55,14468.01,15162.99,15241.00,70.33,71.12,71.74,72.67,7.76,7.77,7.78,8.00,92.24,91.90,91.99,92.86,98.45,98.57,99.30,,75.24,80.48,80.47,,90.55,92.37,97.70,,71.89,72.21,72.49,72.95,0.80,0.80,0.81,0.81,,,65,66,88.22,89.56,,89.45
,Tabalong,82.79,84.31,85.94,85.23,6,6,6,6,44.01,46.28,47.29,47.68,12347.55,12788.99,12856.14,10633.00,74.82,75.43,75.97,76.94,9.12,9.14,9.15,9.37,86.72,87.18,87.61,87.91,99.97,99.52,98.75,,79.36,85.70,82.01,,95.11,95.03,93.13,,74.45,74.63,74.76,74.95,0.84,0.84,0.84,0.85,,,60,60,72.62,76.93,,85.08
,Tanah Bumbu,83.53,83.73,83.15,83.18,6,6,6,6,40.03,40.45,40.26,42.50,9848.92,9659.49,9688.67,13823.00,73.34,73.86,74.50,75.09,8.25,8.30,8.43,8.44,85.85,86.34,86.48,87.05,99.41,99.80,99.63,,78.44,79.52,78.47,,90.88,92.81,92.42,,74.06,74.28,74.44,74.68,0.83,0.84,0.84,0.84,,,73,74,61.07,58.76,,65.40
,Balangan,81.38,81.94,82.70,86.42,6,6,6,6,36.05,35.68,36.24,38.35,4313.59,4502.8,4727.98,11011.00,72.20,72.97,73.83,74.78,7.85,8.03,8.13,8.34,93.41,93.62,93.44,93.89,97.49,98.90,98.52,,74.84,78.35,79.55,,91.80,95.66,96.06,,73.42,73.69,73.87,74.14,0.82,0.83,0.83,0.83,,,33,32,91.74,93.40,,93.65
,Kota Banjarmasin,79.20,85.62,85.62,76.78,6,6,5,5,32.79,41.10,42.57,43.87,1504.48,1140.29,1732.53,1950.00,79.46,79.98,80.53,80.88,10.21,10.24,10.35,10.36,94.59,94.71,95.29,95.49,99.06,99.36,99.53,,79.75,81.00,83.80,,89.96,88.66,87.56,,74.60,74.88,75.07,75.38,0.84,0.84,0.85,0.85,,,147,148,61.54,68.42,,69.08
,Kota Banjar Baru,80.65,82.35,86.34,77.00,6,6,5,5,32.58,24.48,31.17,29.78,944.95,551.33,1019.61,1143.00,80.82,81.25,81.65,82.20,10.98,10.99,11.00,11.07,93.68,93.78,93.85,94.03,98.67,99.72,99.64,,78.80,79.76,78.62,,92.39,89.77,89.54,,74.64,74.90,75.11,75.44,0.84,0.84,0.85,0.85,,,63,64,63.97,66.41,,74.28
Kalimantan Timur,Paser,81.76,83.70,80.04,83.46,6,6,6,6,41.33,43.45,46.63,46.34,11663.91,6584.52,11342.28,14599.00,73.85,74.56,75.13,75.85,8.80,8.91,8.92,9.04,72.27,73.15,74.03,74.78,97.63,97.61,98.40,97.78,81.58,77.28,76.21,74.89,82.29,87.44,85.95,,73.78,73.89,74.10,74.39,0.83,0.83,0.83,0.84,,,156,155,77.63,79.69,,79.64
,Kutai Barat,66.94,58.39,60.87,78.00,4,3,6,6,26.90,30.95,30.01,30.61,477.55,426.23,449.25,1727.00,73.16,73.97,74.76,75.38,8.78,8.85,8.89,9.01,85.02,85.73,86.23,86.96,99.06,98.29,99.20,97.79,81.87,80.79,81.29,87.97,88.14,91.93,94.28,,73.63,73.73,73.93,74.23,0.83,0.83,0.83,0.83,,,176,181,81.89,87.66,,90.61
,Kutai Kartanegara,84.44,85.53,87.17,86.50,6,6,6,6,37.53,43.36,40.93,42.18,27981.31,26547.34,26031.16,26287.00,75.31,75.95,76.57,77.25,9.24,9.26,9.27,9.28,80.30,81.08,81.71,82.41,97.27,97.12,97.67,98.58,87.79,87.06,87.71,72.99,88.97,87.80,89.24,,74.00,74.12,74.33,74.65,0.83,0.83,0.84,0.84,,,316,335,69.12,75.40,,76.99
,Kutai Timur,60.09,65.76,61.64,80.17,4,4,6,6,35.35,29.00,36.78,36.12,3415.90,3505.89,3790.01,4198.00,74.69,75.33,75.90,76.48,9.44,9.45,9.47,9.48,77.67,78.46,79.10,79.44,97.61,97.58,98.73,97.05,74.29,75.82,77.47,85.69,88.66,86.64,89.51,,74.22,74.33,74.55,74.87,0.83,0.84,0.84,0.84,,,186,193,61.54,72.11,,79.46
,Berau,86.16,85.33,81.91,82.00,6,6,6,6,33.93,34.01,29.42,38.24,6229.84,6027.48,5674.14,3110.00,76.24,76.71,77.17,77.72,9.54,9.56,9.57,9.58,88.08,88.43,88.88,89.16,99.03,99.65,99.98,99.35,79.38,80.88,82.94,91.40,87.44,93.41,90.04,,73.35,73.45,73.66,73.95,0.82,0.82,0.83,0.83,,,146,137,48.39,56.41,,68.33
,Penajam Paser Utara,85.51,87.40,88.11,82.23,6,6,6,6,33.38,36.02,36.37,35.06,13531.22,12521.93,13235.19,13570.00,73.56,74.33,74.94,75.82,8.51,8.53,8.57,8.72,87.23,87.41,87.80,88.32,99.91,99.46,99.62,97.00,83.07,83.32,87.27,74.36,86.77,87.60,88.69,,73.90,74.03,74.27,74.60,0.83,0.83,0.83,0.84,,,80,83,91.39,94.33,,91.31
,Mahakam Hulu,53.29,57.68,56.53,66.31,3,3,4,4,24.29,29.86,24.07,36.36,201.45,227.99,283.33,191.00,69.17,70.02,70.79,71.53,8.36,8.49,8.50,8.71,82.60,83.28,83.89,84.35,99.61,99.01,97.30,97.82,89.29,85.54,85.86,88.77,90.30,85.45,75.80,,73.32,73.44,73.64,73.91,0.82,0.82,0.83,0.83,,,56,52,93.96,87.79,,97.62
,Kota Balikpapan,89.47,91.40,91.23,78.93,6,6,6,6,34.75,37.11,25.34,39.36,86.93,41.45,49.61,65.00,81.49,82.03,82.62,83.23,10.92,10.93,10.99,11.04,90.59,90.80,91.04,91.71,99.87,99.81,99.34,98.07,86.21,86.56,83.81,85.56,89.86,93.79,96.28,,75.52,75.64,75.87,76.24,0.85,0.86,0.86,0.87,,,111,118,76.47,86.52,,87.65
,Kota Samarinda,84.66,88.97,89.68,77.63,6,6,6,6,41.84,44.78,42.44,41.42,1312.78,1157.71,2186.68,2769.00,81.72,82.61,83.11,83.53,10.71,10.93,10.95,11.04,90.40,90.68,91.01,91.15,98.69,98.97,98.10,95.31,82.05,83.79,84.71,86.53,97.51,96.87,94.80,,75.15,75.27,75.51,75.89,0.85,0.85,0.85,0.86,,,145,166,79.99,80.10,,84.51
,Kota Bontang,84.21,88.76,88.89,77.94,6,6,6,6,36.95,37.10,...,29.39,69.12,41.47,–,–,81.00,81.63,82.49,83.04,10.81,10.92,10.97,11.03,88.05,88.34,88.84,89.49,98.79,98.72,98.14,97.49,76.01,83.62,86.85,83.90,88.29,88.49,90.47,,74.69,74.81,75.03,75.36,0.84,0.84,0.85,0.85,,,32,38,86.95,90.53,,98.21
Kalimantan Utara,Malinau,67.25,73.08,74.67,68.84,4,5,4,4,35.07,34.88,37.51,41.47,1520.93,1451.05,1512.75,1753.00,73.55,74.00,74.72,75.21,9.41,9.43,9.63,9.64,84.29,84.54,84.74,84.78,,,,,,,,,89.90,89.24,89.29,,73.23,73.25,73.27,73.33,0.82,0.82,0.82,0.82,,,107,113,92.82,92.86,,94.08
,Bulungan,77.00,77.11,76.61,70.82,6,6,5,5,34.79,38.36,35.91,36.35,3341.49,2632.03,3323.21,5146.00,72.56,73.20,73.83,74.53,9.20,9.21,9.23,9.42,86.31,86.81,87.12,87.66,,,,,,,,,92.37,93.54,94.91,,73.80,73.83,73.87,73.99,0.83,0.83,0.83,0.83,,,83,84,80.38,84.72,,87.44
,Tana Tidung,57.17,60.54,61.25,64.83,3,4,4,4,30.35,26.60,32.42,33.88,186.78,153.41,91.12,136.00,69.45,70.06,70.95,71.86,8.97,9.04,9.24,9.41,80.61,80.82,81.40,81.88,,,,,,,,,70.89,90.67,96.03,,73.44,73.47,73.51,73.64,0.82,0.82,0.82,0.83,,,28,28,88.36,94.75,,96.11
,Nunukan,75.87,76.17,78.80,76.03,6,6,5,5,36.62,35.48,36.31,36.57,3535.35,2251.65,3347.12,3165.00,67.88,68.43,69.27,69.87,8.24,8.26,8.39,8.40,85.20,85.41,85.96,86.52,,,,,,,,,72.59,74.31,76.42,,73.09,73.11,73.13,73.21,0.82,0.82,0.82,0.82,,,129,139,76.96,80.31,,86.85
,Kota Tarakan,77.90,86.06,87.53,72.90,6,6,5,5,31.36,40.24,32.00,31.45,19.64,11.78,7.85,10.00,76.75,77.61,78.03,78.62,10.08,10.36,10.37,10.46,93.31,94.00,94.05,94.33,,,,,,,,,83.95,84.57,84.64,,74.21,74.24,74.27,74.40,0.83,0.83,0.83,0.84,,,43,43,83.18,85.16,,87.24
Sulawesi Utara,Bolaang Mongondow,83.26,84.87,84.02,79.08,6,6,6,6,40.73,44.56,47.38,45.27,32525.32,30219.25,34513.37,33015.00,69.82,70.48,71.14,71.83,8.17,8.37,8.38,8.49,88.55,88.61,89.18,89.25,96.29,96.21,94.56,,77.70,75.71,76.65,,72.47,79.77,79.01,,71.68,71.94,72.16,72.48,0.80,0.80,0.80,0.81,,,89,91,60.78,67.43,,72.44
,Minahasa,83.30,84.69,79.61,73.81,6,6,5,5,46.81,45.61,48.02,47.73,7434.01,7052.92,6582.74,6517.00,77.72,78.48,79.26,79.73,9.82,10.10,10.24,10.25,97.14,97.34,97.80,97.88,93.25,93.71,96.51,,71.26,71.32,71.18,,91.62,90.24,89.37,,74.68,74.96,75.22,75.60,0.84,0.85,0.85,0.86,,,92,93,87.16,84.86,,88.48
,Kepulauan Sangihe,56.15,53.22,60.47,64.08,3,3,4,4,-,41.05,43.03,37.40,–,0.19,8.65,7.00,73.35,73.94,74.43,75.18,8.47,8.62,8.66,8.70,96.59,96.29,96.66,96.76,97.93,97.87,97.02,,72.33,74.12,75.87,,78.17,79.12,82.68,,74.24,74.49,74.70,75.02,0.83,0.84,0.84,0.85,,,108,111,82.60,84.00,,88.52
,Kepulauan Talaud,79.72,76.51,79.36,65.94,6,6,4,4,-,...,44.48,42.94,–,–,0.29,42.00,71.53,72.22,72.83,73.68,9.79,9.96,10.01,9.97,98.19,98.26,98.49,98.51,96.57,96.76,95.36,,81.93,82.92,85.16,,89.50,91.55,93.11,,72.96,73.25,73.51,73.92,0.81,0.82,0.82,0.83,,,57,60,71.95,77.78,,73.35
,Minahasa Selatan,79.91,83.20,72.82,67.01,6,6,4,4,42.26,40.05,41.31,40.20,3078.63,3026.13,3148.24,2379.00,74.50,75.25,75.79,76.47,9.28,9.44,9.54,9.53,89.16,89.81,90.36,90.69,98.58,98.53,98.12,,72.47,68.19,69.10,,81.04,86.05,90.25,,73.76,74.07,74.35,74.74,0.83,0.83,0.84,0.84,,,61,59,65.42,71.59,,78.36
,Minahasa Utara,83.69,83.29,78.79,79.60,6,6,6,6,40.72,41.26,38.58,37.50,1352.44,1004.62,1014.17,854.00,75.92,76.50,77.05,77.76,10.18,10.30,10.36,10.36,96.95,97.23,97.43,97.28,96.24,96.37,95.83,,73.46,75.63,77.19,,81.67,83.11,86.72,,74.26,74.50,74.70,75.02,0.83,0.84,0.84,0.85,,,61,67,78.26,83.28,,88.04
,Bolaang Mongondow Utara,80.09,81.60,80.12,74.98,6,6,5,5,48.92,34.60,42.03,39.09,5116.39,5546.06,5545.86,8992.00,70.39,70.97,71.66,72.28,8.48,8.49,8.52,8.63,87.51,87.81,88.22,88.47,98.13,98.12,97.61,,79.48,82.11,81.89,,70.92,71.33,72.10,,73.15,73.41,73.63,73.93,0.82,0.82,0.83,0.83,,,48,54,72.86,70.20,,76.76
,Kepulauan Sitaro,52.61,52.79,53.11,58.34,3,3,3,3,-,...,...,...,–,–,–,–,70.18,70.81,71.55,72.17,9.26,9.31,9.49,9.51,89.42,89.68,90.14,90.54,95.37,95.36,96.36,,78.32,80.19,81.33,,91.84,96.92,96.56,,74.08,74.40,74.67,75.10,0.83,0.84,0.84,0.85,,,43,34,57.92,68.26,,79.22
,Minahasa Tenggara,80.55,80.44,75.82,71.43,6,6,5,5,45.80,46.85,43.61,46.83,1605.90,1566.52,1511.36,1870.00,72.56,72.97,73.68,74.28,9.08,9.09,9.10,9.16,92.43,92.58,93.08,93.35,95.21,95.50,96.22,,76.40,78.18,78.76,,86.15,89.35,93.12,,72.84,73.11,73.36,73.71,0.81,0.82,0.82,0.83,,,37,41,64.42,70.94,,76.91
,Bolaang Mongondow Selatan,67.75,72.88,71.81,73.87,5,5,5,5,37.86,41.94,42.03,40.91,2001.78,1995.4,2402.96,1518.00,68.66,69.17,69.92,70.54,8.21,8.23,8.29,8.38,80.64,81.11,81.72,82.28,95.42,95.46,94.44,,75.16,78.48,79.60,,68.62,71.05,73.31,,70.61,70.80,70.94,71.14,0.78,0.78,0.78,0.79,,,55,56,73.63,79.79,,85.74
,Bolaang Mongondow Timur,77.76,79.36,75.22,68.32,6,6,4,4,48.92,44.62,41.76,41.54,783.22,737.12,794.82,904.00,69.35,70.09,70.68,71.43,8.05,8.27,8.34,8.30,91.14,91.60,92.06,92.46,97.10,97.22,99.00,,69.69,77.01,75.91,,70.14,73.76,74.08,,73.00,73.25,73.45,73.73,0.82,0.82,0.82,0.83,,,37,42,74.03,88.96,,83.01
,Kota Manado,77.55,85.33,87.56,70.64,6,6,5,5,-,...,42.24,36.69,–,–,9.03,6.00,80.96,81.40,81.86,82.40,11.50,11.51,11.53,11.52,97.31,97.37,97.75,98.00,93.69,94.40,93.98,,79.81,81.28,82.84,,87.17,90.28,92.74,,74.78,75.02,75.24,75.58,0.84,0.85,0.85,0.86,,,142,138,76.59,81.01,,82.14
,Kota Bitung,66.44,80.89,82.00,73.62,5,6,5,5,39.46,45.82,44.31,42.84,59.20,19.02,71.87,18.00,75.94,76.33,76.90,77.57,9.90,9.95,9.97,10.05,95.12,95.30,95.51,95.64,96.49,96.12,96.27,,77.53,77.16,77.72,,95.76,92.16,91.73,,73.98,74.22,74.43,74.76,0.83,0.83,0.84,0.84,,,78,76,81.82,87.59,,92.00
,Kota Tomohon,72.89,83.14,83.92,80.08,6,6,6,6,48.48,57.90,59.38,59.01,494.86,472.8,498.91,546.00,78.65,79.29,80.06,80.65,10.82,10.97,11.06,11.04,99.95,100.25,100.40,100.76,88.90,89.98,94.18,,81.93,80.24,78.54,,94.31,94.09,95.89,,74.93,75.28,75.57,75.99,0.85,0.85,0.85,0.86,,,55,50,81.43,87.83,,91.72
,Kota Kotamobagu,72.85,77.61,80.21,75.43,6,6,5,5,49.40,48.17,47.75,44.33,3743.81,2922.92,3019.69,3245.00,75.56,76.01,76.86,77.49,10.28,10.29,10.33,10.36,96.17,96.31,96.51,96.63,95.06,95.66,96.78,,75.16,73.85,75.77,,70.94,74.47,74.15,,74.37,74.70,74.97,75.37,0.84,0.84,0.85,0.85,,,43,49,73.23,73.83,,82.56
Sulawesi Tengah,Banggai Kepulauan,60.87,53.61,66.50,69.73,4,3,5,5,34.06,37.09,30.37,35.75,291.58,543.54,620.8,360.00,66.30,67.05,67.65,68.44,8.46,8.62,8.70,8.88,92.20,92.35,92.86,93.11,,,,,,,,,75.05,76.83,79.52,,67.19,67.35,67.54,67.83,0.73,0.73,0.73,0.74,,,71,81,,,,
,Banggai,85.73,85.72,85.14,76.35,6,6,5,5,38.98,45.35,41.12,45.38,36173.12,39417.81,38678.71,42479.00,71.58,72.19,72.86,73.44,8.54,8.63,8.81,8.94,90.86,91.49,91.73,91.76,,,,,,,,,81.07,81.45,83.18,,71.95,72.09,72.26,72.52,0.80,0.80,0.80,0.81,,,178,188,,,,
,Morowali,81.51,82.36,81.44,77.54,6,6,6,6,42.71,41.50,40.15,43.59,8308.11,6359.32,7426.05,6631.00,73.39,73.82,74.36,74.70,9.35,9.37,9.38,9.39,85.14,85.19,85.42,86.10,,,,,,,,,76.58,72.71,75.16,,70.95,71.00,71.09,71.34,0.78,0.78,0.79,0.79,,,81,82,,,,
,Poso,82.80,83.57,84.60,68.69,6,6,4,4,42.46,47.86,36.85,41.59,18342.81,19650.09,17670.17,20210.00,72.75,73.25,73.65,74.55,9.52,9.53,9.54,9.84,96.79,97.29,97.23,97.42,,,,,,,,,91.47,91.34,92.08,,72.97,72.98,73.02,73.34,0.81,0.82,0.82,0.82,,,117,124,,,,
,Donggala,75.30,72.27,73.97,61.94,5,5,4,4,46.34,48.48,48.49,49.12,12357.90,12435.07,11527.16,14124.00,67.49,68.17,68.71,69.23,7.98,7.99,8.00,8.01,88.91,89.15,89.50,89.56,,,,,,,,,64.40,64.44,65.14,,70.32,70.52,70.74,71.03,0.77,0.78,0.78,0.79,,,98,98,,,,
,Tolitoli,78.64,79.18,79.39,66.07,6,6,4,4,44.22,39.88,46.98,47.17,13102.71,13899.06,12871.2,14984.00,68.77,69.68,70.38,71.09,8.76,8.77,8.91,9.00,90.46,90.61,90.60,90.93,,,,,,,,,64.45,63.47,67.40,,70.71,71.09,71.31,71.62,0.78,0.79,0.79,0.79,,,113,118,,,,
,Buol,82.79,83.11,79.97,67.64,6,6,4,4,37.15,34.81,41.07,36.23,4521.98,5260.54,3745.97,8215.00,69.37,70.18,70.89,71.47,9.08,9.09,9.20,9.21,89.55,89.87,90.22,90.85,,,,,,,,,73.48,76.01,76.52,,70.73,71.06,71.30,71.62,0.78,0.79,0.79,0.79,,,87,95,,,,
,Parigi Moutong,76.83,77.59,78.91,70.96,6,6,5,5,47.49,47.70,47.42,50.77,51599.36,52561.15,53093.16,59941.00,68.29,69.06,69.48,69.99,7.77,8.04,8.05,8.07,92.76,92.74,92.66,93.02,,,,,,,,,67.54,68.94,69.14,,68.55,68.62,68.72,69.09,0.75,0.75,0.75,0.76,,,132,142,,,,
,Tojo Una-una,74.80,76.93,73.78,69.24,5,6,4,4,41.96,46.74,44.08,44.87,1353.12,1625.88,1925.02,1775.00,67.62,68.47,69.04,69.76,8.41,8.51,8.56,8.58,91.17,91.65,92.02,92.34,,,,,,,,,68.35,70.02,71.02,,70.60,70.89,71.05,71.30,0.78,0.78,0.79,0.79,,,89,81,,,,
,Sigi,77.94,78.17,80.06,76.23,6,6,5,5,48.49,52.64,47.09,43.44,16511.28,18040.67,17772.09,22080.00,69.40,70.28,70.90,71.68,8.84,9.03,9.04,9.05,94.10,94.30,94.37,94.72,,,,,,,,,71.82,70.06,72.20,,70.91,71.11,71.33,71.63,0.78,0.79,0.79,0.79,,,98,98,,,,
,Banggai Laut,50.35,50.77,51.91,64.31,2,2,4,4,-,-,41.76,45.66,–,–,1.2,6.00,68.40,69.12,69.65,70.46,8.63,8.64,8.65,8.66,92.30,92.49,92.73,93.10,,,,,,,,,63.18,65.89,68.78,,70.48,70.75,71.04,71.45,0.78,0.78,0.79,0.79,,,40,43,,,,
,Morowali Utara,79.50,82.52,81.21,71.75,6,6,5,5,40.67,41.51,41.61,46.87,6236.30,7744.31,7097.83,7319.00,70.02,70.74,71.64,72.16,8.75,8.94,9.13,9.14,96.53,96.67,97.06,97.22,,,,,,,,,86.69,88.58,89.92,,72.06,72.19,72.35,72.61,0.80,0.80,0.81,0.81,,,86,90,,,,
,Kota Palu,79.94,80.05,82.43,69.73,6,6,5,5,45.60,42.41,47.01,44.55,194.91,161.59,176.85,166.00,83.26,83.71,84.12,84.53,11.73,11.74,11.75,11.76,98.09,98.77,98.57,99.19,,,,,,,,,83.72,87.54,89.49,,73.56,73.71,73.91,74.25,0.82,0.83,0.83,0.83,,,107,111,,,,
Sulawesi Selatan,Kepulauan Selayar,75.26,71.87,72.03,71.49,5,5,5,5,42.25,40.71,40.05,43.70,1588.42,1578.55,1480.48,1877.00,70.27,71.13,71.98,72.78,8.09,8.35,8.49,8.64,91.81,92.18,92.72,93.49,98.60,98.32,,98.51,80.15,,,74.83,80.84,85.65,89.39,,73.05,73.27,73.48,73.79,0.82,0.82,0.82,0.83,,,93,98,87.77,94.79,94.33,
,Bulukumba,82.50,83.03,83.73,81.87,6,6,6,6,49.25,50.60,50.56,52.23,42399.52,42683.42,43087.97,39833.00,72.75,73.64,74.43,75.26,8.01,8.26,8.52,8.66,96.23,96.41,96.64,96.89,99.55,99.97,,98.04,83.05,,,80.34,87.76,86.60,88.66,,73.67,74.01,74.18,74.43,0.83,0.83,0.83,0.84,,,144,154,67.12,67.72,74.38,
,Bantaeng,82.77,85.38,86.59,84.18,6,6,6,6,53.70,48.90,45.66,54.47,10467.54,9642.38,10428.07,9727.00,70.41,71.28,72.20,73.12,6.81,7.09,7.26,7.43,95.32,95.37,95.38,95.71,99.98,99.91,,97.09,71.52,,,76.09,88.82,78.07,77.94,,72.46,72.67,72.85,73.11,0.81,0.81,0.81,0.82,,,60,60,80.22,84.40,87.80,
,Jeneponto,79.51,79.69,81.67,75.98,6,6,5,5,46.71,44.57,47.75,48.91,27387.20,25283.45,27605.59,34291.00,68.13,68.95,69.45,70.25,6.75,7.00,7.01,7.02,92.36,92.78,92.97,93.03,95.04,95.42,,96.90,66.00,,,70.68,83.20,83.19,87.20,,73.60,73.81,74.00,74.28,0.82,0.83,0.83,0.84,,,119,125,74.09,77.86,74.23,
,Takalar,80.87,84.39,84.63,70.93,6,6,5,5,41.39,45.64,41.89,42.93,27146.57,27725.73,27596.5,31917.00,70.86,71.46,72.06,72.79,7.64,7.66,7.73,7.84,87.74,88.10,88.64,89.06,98.70,98.62,,95.12,73.51,,,74.75,91.98,95.59,96.25,,73.16,73.43,73.69,74.08,0.82,0.82,0.83,0.83,,,117,134,76.34,78.93,77.98,
,Gowa,82.13,85.24,87.53,79.38,6,6,6,6,46.14,47.71,48.57,47.64,50068.58,48550.38,49388.29,55529.00,72.44,73.01,73.71,74.22,8.40,8.41,8.53,8.54,88.26,88.87,89.48,89.66,99.58,99.29,,95.05,77.34,,,75.24,96.18,96.16,98.42,,73.86,74.03,74.19,74.43,0.83,0.83,0.83,0.84,,,251,260,66.21,69.77,75.60,
,Sinjai,81.62,82.73,82.31,76.13,6,6,5,5,45.44,48.20,46.80,49.10,22680.41,22492.38,20298.13,21675.00,70.60,71.20,71.81,72.76,7.79,7.80,7.82,7.97,98.24,98.30,98.43,98.48,99.31,99.09,,97.14,73.76,,,79.74,89.19,86.54,86.14,,72.60,72.83,73.04,73.36,0.81,0.81,0.82,0.82,,,101,103,89.26,95.87,96.72,
,Maros,81.81,83.74,83.73,72.42,6,6,5,5,48.63,48.19,48.04,47.34,40325.53,37779.27,40354.73,39489.00,72.92,73.56,74.04,74.79,8.02,8.03,8.05,8.20,89.63,89.84,90.04,90.24,99.71,99.49,,97.99,75.10,,,87.45,92.73,96.09,94.68,,73.38,73.55,73.77,74.10,0.82,0.82,0.83,0.83,,,87,109,73.71,76.48,75.11,
,Pangkajene Dan Kepulauan,78.64,79.47,81.00,78.94,6,6,6,6,44.11,42.99,41.41,45.42,26838.34,26399.15,27043.71,27868.00,72.41,73.23,73.87,74.62,8.05,8.31,8.47,8.48,90.68,90.87,91.53,92.34,94.45,95.01,,98.56,71.20,,,74.34,90.52,88.00,94.51,,72.62,72.87,73.11,73.48,0.81,0.81,0.82,0.82,,,122,126,79.28,81.55,83.01,
,Barru,84.95,87.71,86.67,72.80,6,6,5,5,61.88,50.21,53.98,59.13,23397.26,21957.57,21213.26,23591.00,72.96,73.80,74.51,75.41,8.25,8.54,8.80,8.93,95.65,95.72,95.85,96.19,99.38,99.24,,91.19,82.21,,,81.18,96.86,99.09,96.21,,72.37,72.57,72.75,73.18,0.81,0.81,0.81,0.82,,,61,66,87.82,92.61,91.50,
,Bone,81.68,83.86,85.66,67.65,6,6,4,4,49.22,49.76,47.79,48.66,186094.76,170329.8,157901.31,183673.00,69.43,70.25,70.81,71.63,7.36,7.54,7.55,7.70,93.34,93.49,93.95,94.41,94.68,95.94,,97.16,79.02,,,69.61,94.61,97.20,97.54,,72.91,73.20,73.46,73.84,0.81,0.82,0.82,0.83,,,199,202,78.80,78.07,80.74,
,Soppeng,85.27,86.35,87.90,78.14,6,6,6,6,57.21,52.98,53.36,52.65,51076.46,49038.41,45441.96,49087.00,71.05,71.94,72.76,73.69,7.96,8.27,8.45,8.59,97.42,97.49,97.79,98.01,99.19,98.76,,96.80,78.08,,,82.87,94.99,95.67,95.44,,73.17,73.47,73.77,74.21,0.82,0.82,0.83,0.83,,,86,91,70.60,79.18,78.03,
,Wajo,85.46,84.36,86.65,74.33,6,6,5,5,50.35,45.43,47.66,50.85,158471.22,140614.59,123316.52,154127.00,72.69,73.56,73.98,74.72,7.16,7.45,7.46,7.72,90.38,90.86,90.96,91.01,99.70,99.12,,96.93,64.98,,,77.93,94.05,97.03,95.93,,72.97,73.25,73.47,73.77,0.81,0.82,0.82,0.83,,,124,188,69.70,73.16,79.35,
,Sidenreng Rappang,86.19,87.52,87.92,75.68,6,6,5,5,59.05,54.31,51.75,60.04,90652.88,89088.44,86548.69,94893.00,73.81,74.38,74.81,75.49,8.04,8.20,8.21,8.36,93.10,93.20,93.32,93.75,98.50,98.33,,99.16,76.89,,,82.05,94.13,94.77,98.32,,74.17,74.32,74.45,74.69,0.83,0.84,0.84,0.84,,,112,125,62.48,60.81,67.12,
,Pinrang,85.31,87.20,86.94,74.74,6,6,5,5,61.65,58.38,61.07,61.59,88904.57,77791.79,92277.1,96747.00,73.90,74.70,75.43,75.87,8.04,8.30,8.53,8.54,96.10,96.37,96.69,96.96,99.63,99.52,,94.23,72.62,,,77.60,92.06,94.64,92.74,,74.29,74.47,74.63,74.87,0.84,0.84,0.84,0.84,,,106,106,68.92,70.23,75.51,
,Enrekang,78.55,82.12,80.31,68.55,6,6,4,4,48.11,46.20,45.59,49.65,8380.83,6914.1,7937.59,7636.00,74.61,75.11,75.83,76.50,8.93,8.94,9.11,9.26,98.37,98.43,98.72,98.79,99.67,99.26,,97.42,81.02,,,87.02,94.76,97.29,96.63,,73.76,73.92,74.07,74.30,0.83,0.83,0.83,0.84,,,105,111,84.28,90.53,90.01,
,Luwu,81.88,81.61,82.23,71.45,6,6,5,5,52.75,56.69,53.59,55.15,52579.94,51520.92,52325.28,52709.00,72.42,73.23,73.86,74.66,8.48,8.73,8.81,8.96,92.92,93.05,93.15,93.68,97.85,97.85,,96.54,75.03,,,83.91,89.02,94.72,92.91,,73.06,73.30,73.52,73.85,0.82,0.82,0.82,0.83,,,192,205,86.31,90.64,90.13,
,Tana Toraja,76.52,77.74,76.88,61.69,6,6,4,4,45.40,45.76,45.28,45.81,18276.30,15424.55,12856.98,17209.00,70.16,71.01,71.94,72.77,8.52,8.60,8.77,8.92,88.89,89.03,89.24,89.82,99.53,99.38,,96.58,82.69,,,76.63,85.42,86.03,90.74,,74.38,74.63,74.85,75.17,0.84,0.84,0.84,0.85,,,75,76,80.40,83.57,83.20,
,Luwu Utara,80.27,83.03,85.66,77.63,6,6,6,6,52.45,52.55,54.19,54.50,39822.26,37050.01,40352.09,31172.00,72.48,73.31,74.04,74.81,7.87,8.14,8.37,8.51,90.14,90.55,90.80,91.18,94.81,94.80,,97.37,72.55,,,76.41,93.07,95.94,97.14,,73.24,73.56,73.87,74.25,0.82,0.82,0.83,0.83,,,111,216,77.00,75.59,82.06,
,Luwu Timur,86.36,87.82,87.73,68.80,6,6,4,4,52.29,57.77,58.02,62.79,41995.23,39673.74,41174.43,40984.00,75.41,75.84,76.44,77.28,8.92,8.93,8.94,9.04,90.83,90.96,91.17,91.36,99.82,99.55,,95.36,79.28,,,83.16,93.19,92.50,89.65,,74.08,74.32,74.55,74.86,0.83,0.84,0.84,0.84,,,174,184,96.45,97.46,97.60,
,Toraja Utara,79.18,80.44,80.25,63.37,6,6,4,4,44.60,43.40,50.12,46.16,22838.11,19888.89,16209.27,21235.00,70.83,71.69,72.31,73.24,8.26,8.51,8.54,8.72,88.14,88.70,89.12,89.19,98.56,98.79,,97.52,84.30,,,72.47,89.81,91.83,92.86,,74.72,74.88,75.03,75.24,0.84,0.84,0.85,0.85,,,76,75,82.33,84.26,86.13,
,Kota Makasar,83.86,89.28,87.95,76.42,6,6,5,5,45.58,52.15,56.97,50.19,2805.89,2475.34,2578.25,2102.00,84.45,84.85,85.23,85.66,11.55,11.56,11.57,11.59,95.44,95.50,95.90,95.97,99.62,99.34,,95.59,83.05,,,82.91,93.83,97.56,93.92,,74.96,75.15,75.33,75.60,0.85,0.85,0.85,0.86,,,314,339,76.91,79.55,85.46,
,Kota Parepare,79.10,83.07,82.76,75.33,6,6,5,5,48.26,40.08,51.91,49.89,963.45,962.16,960.04,1008.00,79.87,80.36,80.97,81.50,10.66,10.70,10.88,10.89,97.45,97.77,98.01,98.24,99.57,99.55,,94.88,74.87,,,73.82,95.46,97.86,96.70,,74.25,74.44,74.63,74.90,0.83,0.84,0.84,0.84,,,45,51,90.41,95.72,94.57,
,Kota Palopo,73.41,82.93,83.05,76.85,6,6,5,5,57.50,54.93,50.68,56.83,2923.02,2925.19,2932.36,3323.00,80.24,80.77,81.25,81.74,11.09,11.13,11.16,11.17,98.08,98.13,98.19,98.42,98.68,,,96.58,80.51,,,80.33,94.64,96.18,96.57,,73.81,74.00,74.19,74.47,0.83,0.83,0.83,0.84,,,81,87,93.34,93.79,96.00,
Sulawesi Tenggara,Buton,73.51,69.46,72.59,65.71,5,5,4,4,38.04,36.25,36.05,40.36,1538.29,1773.74,1675.7,1226.00,68.05,68.96,69.72,70.22,8.25,8.49,8.63,8.69,81.21,81.88,82.07,82.67,99.30,99.41,98.45,,78.91,73.93,71.17,,82.89,80.33,81.22,,70.25,70.36,70.47,70.66,0.77,0.77,0.78,0.78,,,75,76,65.57,70.85,,83.97
,Muna,75.88,73.99,71.93,54.40,6,5,3,3,28.69,35.14,31.34,35.02,616.88,674.18,786.95,871.00,70.09,70.62,71.50,72.23,8.52,8.53,8.71,8.86,87.75,87.97,88.37,88.77,99.56,99.57,99.61,,82.01,82.53,84.94,,80.90,85.31,85.32,,71.50,71.56,71.64,71.77,0.79,0.79,0.79,0.80,,,113,105,64.44,73.18,,76.87
,Konawe,84.53,84.23,85.89,77.66,6,6,6,6,38.29,40.58,44.38,46.14,34529.31,37223.54,48743.45,52300.00,73.14,73.88,74.50,75.09,9.30,9.56,9.69,9.80,93.43,93.64,93.83,94.41,95.20,95.98,94.04,,76.06,73.61,73.53,,88.02,90.50,90.70,,72.72,72.78,72.85,73.04,0.81,0.81,0.81,0.82,,,105,115,65.75,71.01,,77.61
,Kolaka,82.15,85.56,83.69,70.80,6,6,5,5,40.87,45.97,40.91,44.91,12493.41,11445.07,11596.65,16383.00,74.98,75.73,76.20,76.92,9.06,9.35,9.38,9.55,90.30,90.40,90.77,91.03,99.67,99.20,98.20,,71.40,73.64,71.42,,89.12,93.56,94.03,,73.41,73.54,73.68,73.86,0.82,0.82,0.83,0.83,,,86,91,60.15,70.86,,82.38
,Konawe Selatan,82.71,85.31,84.41,69.08,6,6,4,4,38.30,39.86,38.78,39.94,23184.78,19794.28,21611.02,26161.00,69.67,70.64,71.51,72.32,8.27,8.51,8.76,8.97,88.22,88.57,88.57,89.03,99.90,99.65,98.90,,76.05,71.61,75.09,,87.92,92.36,93.45,,71.64,71.72,71.80,71.95,0.79,0.80,0.80,0.80,,,107,120,64.07,64.10,,77.32
,Bombana,84.97,85.63,85.33,71.67,6,6,5,5,43.24,44.79,48.21,47.70,17712.64,15432.46,16018.51,23161.00,67.49,68.02,68.85,69.54,8.05,8.07,8.10,8.27,85.53,85.75,86.08,86.58,99.66,99.37,98.32,,74.13,62.04,61.71,,82.29,86.24,87.47,,70.73,70.88,71.03,71.31,0.78,0.78,0.79,0.79,,,72,63,65.42,73.55,,85.54
,Wakatobi,56.62,51.98,62.54,69.85,3,3,5,5,-,-,-,-,–,–,–,–,70.88,71.45,72.03,72.59,8.50,8.51,8.53,8.54,88.91,89.20,89.59,89.72,95.26,95.41,93.86,,78.07,86.08,87.88,,86.71,85.03,87.04,,70.64,70.76,70.88,71.10,0.78,0.78,0.78,0.79,,,46,44,96.18,90.90,,95.62
,Kolaka Utara,73.28,65.55,70.26,66.98,5,4,4,4,38.32,40.69,43.60,42.72,1337.62,1449.28,1441.28,1346.00,70.47,71.11,71.75,72.37,8.54,8.81,8.82,9.06,98.25,98.42,98.64,99.00,94.22,96.62,95.01,,74.95,71.95,70.83,,91.09,92.89,92.38,,70.58,70.62,70.67,70.77,0.78,0.78,0.78,0.78,,,67,77,64.43,72.03,,77.19
,Buton Utara,74.03,79.87,81.40,64.82,5,6,4,4,31.00,35.00,32.14,33.55,923.33,726.02,884.26,720.00,69.17,69.85,70.75,71.29,9.11,9.12,9.24,9.28,92.66,92.40,92.46,92.77,99.96,99.20,98.72,,82.91,84.90,85.64,,69.69,71.64,72.91,,71.33,71.36,71.40,71.47,0.79,0.79,0.79,0.79,,,74,75,86.87,86.60,,88.13
,Konawe Utara,75.89,78.67,79.71,68.84,6,6,4,4,40.06,35.30,34.18,40.95,2234.94,2295.76,2058.92,1644.00,71.52,72.11,72.71,73.42,9.53,9.60,9.61,9.79,86.75,87.06,87.33,87.58,96.82,96.74,95.28,,81.15,77.33,77.48,,86.56,82.74,84.58,,70.47,70.53,70.60,70.73,0.78,0.78,0.78,0.78,,,51,41,84.31,86.05,,93.98
,Kolaka Timur,84.04,86.40,85.54,80.30,6,6,6,6,45.68,44.28,42.05,46.02,19483.60,19067.25,21040.92,23613.00,68.77,69.61,70.32,71.19,8.15,8.40,8.43,8.65,99.23,99.27,99.31,99.36,97.48,97.72,96.38,,74.23,74.08,75.86,,91.32,93.37,94.72,,72.99,73.11,73.23,73.47,0.82,0.82,0.82,0.82,,,38,38,66.61,68.78,,80.37
,Konawe Kepulauan,60.04,50.43,54.01,46.38,4,2,2,2,34.19,37.69,38.00,41.53,144.04,127.96,166.38,426.00,67.49,68.11,68.77,69.39,9.43,9.45,9.46,9.61,85.91,86.08,86.41,86.96,98.98,98.76,97.68,,87.71,83.79,84.04,,74.52,73.71,74.55,,70.22,70.25,70.29,70.38,0.77,0.77,0.77,0.78,,,28,27,91.33,92.74,,90.92
,Muna Barat,77.99,76.92,79.06,58.35,6,6,3,3,37.08,39.97,38.64,40.38,1453.10,1436.62,1413.58,1387.00,66.53,67.44,68.37,69.18,7.60,7.86,8.09,8.31,89.21,89.41,89.70,90.10,97.98,97.84,96.00,,85.93,87.07,85.93,,67.67,71.66,74.60,,71.13,71.17,71.23,71.32,0.79,0.79,0.79,0.79,,,58,61,69.90,83.68,,63.13
,Buton Tengah,63.69,66.97,67.07,56.01,4,4,3,3,29.17,31.59,29.48,38.01,8.67,8.67,5.78,18.00,66.41,66.94,67.58,68.39,7.33,7.34,7.35,7.37,82.88,83.14,83.79,84.37,98.08,99.59,99.10,,88.24,77.75,78.07,,83.35,85.49,87.71,,70.28,70.37,70.47,70.65,0.77,0.77,0.78,0.78,,,43,38,68.46,66.50,,72.77
,Buton Selatan,68.05,64.54,70.01,63.81,5,4,4,4,-,34.55,33.69,26.45,–,20,33.34,33.00,66.47,67.19,68.04,68.54,7.64,7.65,7.75,7.80,73.32,74.04,74.51,75.22,99.95,99.83,97.89,,86.75,83.12,81.16,,86.47,83.70,84.32,,70.06,70.14,70.22,70.36,0.77,0.77,0.77,0.77,,,36,45,74.23,77.19,,78.68
,Kota Kendari,83.01,88.34,89.67,69.69,6,6,5,5,40.67,41.16,39.01,40.73,572.85,526.21,561.44,565.00,85.19,85.51,85.97,86.36,12.52,12.53,12.55,12.56,95.76,95.78,95.84,95.93,98.25,98.92,97.69,,74.59,78.64,79.22,,94.71,93.77,98.32,,75.23,75.34,75.47,75.72,0.85,0.85,0.85,0.86,,,96,102,72.58,73.74,,83.24
,Kota Baubau,75.32,80.48,80.49,64.21,6,6,4,4,41.97,48.89,48.22,48.95,2025.33,1929.22,1961.44,1956.00,78.15,79.00,79.61,80.29,10.92,11.02,11.03,11.11,91.38,91.79,92.11,92.47,98.20,98.00,96.79,,80.95,84.68,83.35,,91.69,96.99,96.43,,74.41,74.53,74.67,74.93,0.84,0.84,0.84,0.85,,,57,58,82.96,87.64,,90.33
Gorontalo,Boalemo,81.71,81.41,81.91,69.78,6,6,5,5,50.40,50.67,55.47,56.33,5886.02,7131.4,7027.5,7883.00,67.86,68.78,69.34,69.89,7.03,7.30,7.31,7.32,82.76,83.20,83.67,83.75,,,97.04,99.03,,,67.90,,74.62,69.91,73.11,,70.94,71.24,71.43,71.70,0.78,0.79,0.79,0.80,,,76,71,68.44,81.46,,83.67
,Gorontalo,79.79,80.13,79.50,67.03,6,6,4,4,55.64,50.59,51.75,54.92,23177.91,24847.47,20930.52,24155.00,69.51,70.37,70.96,71.54,7.61,7.79,7.95,8.38,83.12,83.61,83.99,84.67,,,98.93,96.12,,,72.23,71.84,75.14,80.56,82.32,,70.54,70.81,70.99,71.26,0.78,0.78,0.78,0.79,,,166,177,78.86,79.65,,84.37
,Pohuwato,80.47,83.34,81.71,74.75,6,6,5,5,48.05,51.75,45.33,40.13,5704.18,4068.36,7000.27,8238.00,68.67,69.30,70.19,70.59,7.35,7.59,7.78,7.79,92.22,92.39,92.52,92.63,,,96.62,91.97,,,79.35,65.94,78.32,82.42,82.04,,69.07,69.40,69.63,70.00,0.75,0.76,0.76,0.77,,,62,55,75.16,86.71,,90.71
,Bone Bolango,78.84,78.27,80.32,72.17,6,6,5,5,48.87,56.07,54.39,61.23,3640.09,5382.41,3949.9,5121.00,71.39,71.97,72.82,73.30,8.33,8.35,8.52,8.62,88.53,88.84,89.26,89.99,,,98.57,94.10,,,74.61,81.97,76.75,78.15,79.99,,69.90,70.19,70.40,70.73,0.77,0.77,0.78,0.78,,,65,62,88.32,88.47,,86.08
,Gorontalo Utara,80.34,79.07,78.88,66.59,6,6,4,4,40.52,43.84,41.92,45.67,6581.47,5725.36,6534.9,6807.00,67.41,68.00,68.83,69.62,7.16,7.17,7.40,7.56,82.03,82.43,82.83,83.46,,,98.79,98.29,,,80.74,77.15,81.80,81.37,84.07,,69.33,69.65,69.88,70.25,0.76,0.76,0.77,0.77,,,54,55,72.63,76.79,,89.89
,Kota Gorontalo,80.95,87.59,86.50,71.39,6,6,5,5,52.53,54.04,46.11,50.83,1833.80,2455.47,1509.05,1693.00,78.22,78.64,79.18,79.97,10.39,10.40,10.41,10.59,87.41,87.74,88.47,88.75,,,98.83,95.52,,,62.70,67.56,92.09,94.48,93.89,,72.88,73.25,73.55,74.03,0.81,0.82,0.82,0.83,,,99,98,87.94,91.33,,90.92
Sulawesi Barat,Majene,61.63,66.33,65.80,68.96,4,4,4,4,47.65,44.46,52.67,51.44,1184.39,959.49,612.22,1286.00,71.64,72.44,73.25,74.15,9.10,9.28,9.46,9.68,94.48,94.94,95.40,95.78,94.81,94.92,96.28,,73.64,76.94,74.29,,83.26,83.45,84.52,,69.65,70.06,70.39,70.74,0.76,0.77,0.78,0.78,,,70,76,86.58,89.41,89.05,89.01
,Polewali Mandar,74.17,74.59,75.87,64.74,5,5,4,4,57.67,54.73,55.21,57.85,34623.54,30534.96,31301.62,33495.00,68.42,69.24,69.88,70.71,7.60,7.71,7.72,7.84,92.10,92.38,92.48,93.02,95.94,95.86,96.58,,68.30,71.02,69.87,,83.61,85.87,87.73,,70.48,70.82,71.08,71.46,0.78,0.78,0.79,0.79,,,124,127,83.30,83.40,86.45,87.64
,Mamasa,71.22,72.65,73.19,59.71,5,5,3,3,39.80,39.78,39.99,41.43,12301.88,12525.35,11023.68,15707.00,67.53,68.14,68.68,69.56,8.00,8.11,8.13,8.41,98.32,98.44,98.41,98.46,95.35,95.06,95.97,,74.29,75.26,74.85,,64.73,66.11,67.57,,71.94,72.16,72.27,72.43,0.80,0.80,0.80,0.81,,,146,152,80.12,81.88,78.70,77.19
,Mamuju,82.18,82.26,81.47,77.24,6,6,5,5,49.19,49.18,49.20,51.58,14296.80,10794.66,14824.7,17901.00,70.35,71.07,71.86,72.77,8.09,8.16,8.35,8.71,90.47,90.62,90.98,91.20,96.99,96.72,97.78,,68.18,68.39,67.98,,74.58,78.51,81.46,,71.36,71.79,72.13,72.61,0.79,0.80,0.80,0.81,,,86,95,92.48,89.67,92.40,92.66
,Pasangkayu / Mamaju Utara,73.65,60.10,57.34,60.63,5,4,3,3,48.47,48.16,52.72,48.93,603.52,495.49,546.02,697.00,69.94,70.42,71.04,71.62,8.11,8.12,8.13,8.14,85.55,85.74,86.16,86.43,96.30,96.18,97.21,,71.04,76.16,76.32,,81.17,80.63,83.63,,69.67,70.09,70.41,70.86,0.76,0.77,0.78,0.78,,,79,81,69.60,71.33,74.14,75.43
,Mamuju Tengah,81.37,82.26,78.29,69.73,6,6,5,5,41.16,44.87,47.09,49.65,6313.82,3296.72,4873.35,5012.00,67.07,67.63,68.53,69.17,7.61,7.73,7.94,8.10,86.10,86.40,86.76,86.91,93.73,96.48,96.76,,72.33,73.33,73.47,,83.63,82.84,82.89,,69.38,69.76,70.05,70.44,0.76,0.77,0.77,0.78,,,67,71,71.17,78.84,85.15,87.97
Maluku,Kepulauan Tanimbar,44.58,62.75,49.94,42.40,2,4,1,1,21.25,38.97,15.54,16.13,138.09,221.08,525,525.00,66.33,67.04,67.69,68.47,9.77,9.91,9.92,9.93,87.06,87.32,87.73,88.04,,,,,,,,,86.96,87.77,92.89,,69.96,70.19,70.20,70.53,0.77,0.77,0.77,0.78,,,63,65,,,,
,Maluku Tenggara,49.50,56.04,49.43,56.42,2,3,3,3,-,-,-,-,–,–,–,–,69.23,69.91,70.58,71.16,9.78,9.79,9.84,9.85,96.69,96.71,96.90,96.64,,,,,,,,,71.96,73.16,93.48,,70.43,70.71,70.93,71.24,0.78,0.78,0.78,0.79,,,62,63,,,,
,Maluku Tengah,69.62,72.21,71.92,62.92,5,5,4,4,42.13,38.51,40.80,47.08,7936.76,7213.67,10518,10518.00,73.73,74.34,75.10,75.87,9.76,9.78,9.79,10.06,98.26,97.97,98.37,98.90,,,,,,,,,74.05,79.42,93.40,,70.58,70.83,71.01,71.28,0.78,0.78,0.78,0.79,,,155,145,,,,
,Buru,79.02,80.85,80.21,58.97,6,6,3,3,36.62,33.57,38.49,40.55,12411.06,11540.65,11446,11446.00,71.52,72.11,72.55,73.24,8.99,9.01,9.02,9.28,91.03,91.22,91.86,91.91,,,,,,,,,71.93,72.05,91.55,,69.95,70.19,70.34,70.56,0.77,0.77,0.77,0.78,,,71,71,,,,
,Kepulauan Aru,42.36,44.01,43.15,45.16,2,2,1,1,-,-,-,-,–,–,–,–,67.36,68.19,69.00,69.73,8.87,8.97,9.21,9.46,88.98,89.35,89.69,89.84,,,,,,,,,33.22,38.00,83.85,,69.99,70.27,70.40,70.60,0.77,0.77,0.78,0.78,,,88,80,,,,
,Seram Bagian Barat,61.06,59.50,61.29,56.22,4,3,3,3,37.16,33.91,32.29,42.14,897.69,1262.73,900,900.00,70.76,71.68,72.54,72.91,9.24,9.35,9.59,9.60,98.94,98.90,98.68,98.71,,,,,,,,,64.74,69.17,93.58,,70.51,70.88,71.18,71.58,0.78,0.78,0.79,0.79,,,78,81,,,,
,Seram Bagian Timur,65.69,68.78,70.57,56.94,4,5,3,3,38.73,34.58,32.99,34.71,2.60,2398.44,933,933.00,69.05,69.84,70.28,71.10,8.71,8.82,9.00,9.25,88.74,89.24,89.14,89.46,,,,,,,,,71.86,72.91,80.48,,67.91,68.33,68.73,69.19,0.74,0.74,0.75,0.76,,,90,94,,,,
,Maluku Barat Daya,66.43,65.24,65.95,54.72,4,4,3,3,-,-,-,-,–,–,–,–,65.84,66.71,67.68,68.66,8.77,8.92,9.13,9.39,90.49,90.67,90.84,90.91,,,,,,,,,76.75,82.61,96.14,,68.90,69.30,69.65,70.11,0.75,0.76,0.76,0.77,,,68,71,,,,
,Buru Selatan,57.79,59.08,53.32,48.83,3,3,2,2,-,-,-,-,–,–,–,–,66.81,67.68,68.54,69.36,8.06,8.23,8.48,8.74,86.82,87.26,87.29,87.46,,,,,,,,,61.69,63.74,84.81,,69.85,70.11,70.28,70.54,0.77,0.77,0.77,0.78,,,59,59,,,,
,Kota Ambon,80.96,84.73,84.56,63.53,6,6,4,4,-,-,-,-,–,–,–,–,82.44,82.84,83.37,83.97,12.21,12.22,12.24,12.37,97.93,97.91,98.10,98.33,,,,,,,,,90.79,91.32,98.22,,72.54,72.86,73.14,73.56,0.81,0.81,0.82,0.82,,,97,100,,,,
,Kota Tual,45.18,54.91,59.11,50.58,3,4,2,2,24.09,39.09,-,-,0.22,0.11,–,–,70.85,71.67,72.48,72.88,10.54,10.66,10.67,10.68,88.56,88.64,88.90,88.97,,,,,,,,,83.44,89.24,95.56,,70.86,71.32,71.72,72.05,0.78,0.79,0.80,0.80,,,28,30,,,,
Maluku Utara,Halmahera Barat,52.05,52.84,53.07,53.10,3,3,2,2,38.21,30.89,32.58,29.16,59.00,121.44,142.2,51.00,67.84,68.56,69.20,69.75,8.57,8.58,8.59,8.60,88.96,89.16,89.34,89.59,,,,,,,,,72.73,76.39,80.66,,70.21,70.46,70.72,71.11,0.77,0.78,0.78,0.79,,,41,41,65.25,60.64,,
,Halmahera Tengah,50.67,50.67,52.96,57.64,2,2,3,3,33.07,38.26,32.90,36.86,31.00,173.89,398.89,369.00,68.95,69.95,70.94,71.57,9.02,9.19,9.20,9.21,90.24,90.60,90.72,90.78,,,,,,,,,84.55,80.45,82.69,,69.75,70.19,70.48,70.90,0.77,0.77,0.78,0.78,,,62,63,57.16,71.51,,
,Kepulauan Sula,50.64,53.28,51.76,50.09,2,3,2,2,39.69,32.55,34.91,36.59,4.00,4.11,49.01,21.00,66.90,67.49,68.19,68.89,9.02,9.04,9.17,9.20,92.90,93.05,93.36,93.58,,,,,,,,,82.09,82.58,83.72,,68.29,68.54,68.80,69.19,0.74,0.75,0.75,0.76,,,54,58,28.33,36.26,,
,Halmahera Selatan,53.42,52.40,52.69,54.91,3,3,3,3,31.34,32.31,29.72,35.21,39.00,121.77,62.9,77.00,66.78,67.55,68.43,69.05,8.16,8.17,8.42,8.43,87.48,87.64,87.84,87.92,,,,,,,,,71.00,74.79,77.43,,69.97,70.25,70.54,70.98,0.77,0.77,0.78,0.78,,,81,83,17.72,17.68,,
,Halmahera Utara,63.43,81.20,62.34,61.81,4,6,4,4,37.10,38.68,43.17,41.62,1.86,1094.98,1767.79,1115.00,69.13,69.79,70.52,71.25,8.63,8.65,8.67,8.84,89.71,90.08,90.31,90.91,,,,,,,,,68.63,69.58,70.19,,71.53,71.74,71.95,72.30,0.79,0.80,0.80,0.80,,,82,85,57.79,46.87,,
,Halmahera Timur,72.38,76.12,79.63,67.31,5,6,4,4,38.52,33.38,29.40,30.30,3.97,5574.43,5970.88,3845.00,68.62,69.48,70.35,71.11,8.52,8.66,8.88,9.07,82.13,82.62,82.73,83.04,,,,,,,,,81.77,81.64,82.26,,71.03,71.36,71.70,72.04,0.79,0.79,0.80,0.80,,,53,51,66.36,82.59,,
,Pulau Morotai,59.62,53.70,60.71,63.34,4,3,4,4,40.26,38.45,40.13,38.04,457.00,609.03,974.18,1158.00,64.99,65.93,66.91,67.86,7.42,7.55,7.73,7.91,70.84,71.59,72.63,72.97,,,,,,,,,71.38,68.52,70.06,,70.46,70.81,71.16,71.63,0.78,0.78,0.79,0.79,,,69,70,84.66,89.59,,
,Pulau Taliabu,44.39,47.87,48.28,49.69,2,2,2,2,-,-,-,-,-,–,–,–,63.65,64.31,64.88,65.61,7.94,7.97,7.99,8.15,83.96,84.69,85.11,85.34,,,,,,,,,68.24,65.91,67.09,,66.83,67.04,67.25,67.52,0.72,0.72,0.73,0.73,,,41,38,16.38,21.22,,
,Kota Ternate,81.32,89.51,88.24,64.26,6,6,4,4,-,-,-,-,-,–,–,–,81.28,81.79,82.59,83.01,12.06,12.07,12.08,12.09,92.34,92.40,92.28,92.79,,,,,,,,,95.92,98.29,98.53,,72.28,72.55,72.87,73.36,0.80,0.81,0.81,0.82,,,60,59,55.22,69.33,,
,Kota Tidore Kepulauan,55.94,65.83,64.68,56.22,4,5,3,3,-,-,36.48,46.00,-,9.42,0.85,18.00,72.57,73.40,74.01,74.63,9.96,9.97,10.12,10.18,96.14,96.40,96.68,97.01,,,,,,,,,89.58,91.77,92.16,,71.91,72.20,72.52,73.00,0.80,0.80,0.81,0.82,,,62,62,62.09,64.74,,
Papua Barat,Fakfak,46.63,47.32,48.20,52.87,2,2,2,2,35.69,41.77,42.71,49.38,13.72,10.83,10.6,36.00,70.26,70.85,71.52,72.00,9.08,9.17,9.32,9.35,83.55,83.90,84.45,85.37,,,,,,,,,69.18,73.42,75.07,,71.22,71.44,71.57,71.78,0.79,0.79,0.79,0.80,,,74,61,,,,
,Kaimana,45.43,47.12,48.19,66.38,2,2,4,4,-,-,-,-,–,–,–,–,67.72,68.31,69.20,69.70,8.74,8.80,8.97,9.02,83.95,84.41,84.99,85.41,,,,,,,,,76.48,75.57,80.64,,68.65,68.96,69.20,69.54,0.75,0.75,0.76,0.76,,,76,77,,,,
,Teluk Wondama,31.95,32.93,36.76,51.06,1,1,2,2,-,43.46,40.87,50.05,–,15.24,15.24,31.00,63.02,63.84,64.52,65.26,7.20,7.27,7.38,7.56,79.72,79.91,80.55,80.98,,,,,,,,,53.00,54.53,61.17,,65.03,65.32,65.50,65.74,0.69,0.70,0.70,0.70,,,55,56,,,,
,Teluk Bintuni,39.37,40.88,43.12,53.61,1,1,3,3,38.13,35.17,38.39,51.23,110.74,187.41,221.5,123.00,68.29,69.01,69.79,70.32,8.35,8.51,8.67,8.77,86.57,86.77,86.87,87.09,,,,,,,,,78.56,75.52,75.77,,67.38,67.75,68.05,68.49,0.73,0.73,0.74,0.75,,,78,80,,,,
,Manokwari,67.41,66.85,71.81,67.43,4,4,4,4,44.80,42.66,38.25,45.73,3469.89,3849.83,3779.95,1652.00,73.92,74.52,75.15,75.96,8.45,8.54,8.67,8.89,84.39,84.93,85.36,85.67,,,,,,,,,82.58,86.54,89.13,,71.91,72.25,72.51,72.90,0.80,0.80,0.81,0.81,,,62,63,,,,
,Manokwari Selatan,69.46,67.12,74.91,59.85,5,4,3,3,50.25,56.98,48.57,59.04,980.70,942.96,1093.84,822.00,60.68,61.55,62.45,63.24,6.90,6.96,7.17,7.33,65.65,66.82,67.89,69.89,,,,,,,,,88.42,91.03,91.74,,67.84,68.09,68.26,68.53,0.74,0.74,0.74,0.75,,,19,16,,,,
,Pegunungan Arfak,69.46,32.87,35.53,33.09,1,1,1,1,-,-,-,-,–,–,–,–,57.01,57.82,58.71,59.53,5.34,5.51,5.72,5.84,77.73,78.94,79.99,81.11,,,,,,,,,34.98,30.98,49.90,,67.50,67.71,67.79,67.92,0.73,0.73,0.74,0.74,,,18,17,,,,
Papua Barat Daya,Raja Ampat,44.60,44.12,54.42,57.75,2,2,3,3,-,41.73,28.75,26.32,-,215.86,181.79,171.00,65.41,66.00,66.60,67.36,7.19,7.32,7.44,-,78.44,79.02,79.47,-,,,,,,,,,56.57,60.39,65.37,,66.73,66.98,67.12,67.32,-,-,0.72,0.73,,,,,,,,
,Sorong,43.19,46.99,50.88,55.22,2,2,3,3,-,40.96,26.37,27.23,-,313.25,131.36,137.00,68.10,68.89,64.54,70.60,7.58,7.62,7.76,-,86.55,83.55,84.07,-,,,,,,,,,87.93,91.12,86.48,,69.57,69.88,70.08,70.38,-,-,0.77,0.78,,,,,,,,
,Sorong Selatan,37.75,48.46,40.39,46.19,1,2,2,2,-,41.97,23.58,29.43,-,50.72,50.72,2.00,63.13,63.98,69.69,65.45,8.52,8.61,8.74,-,82.99,86.88,86.95,-,,,,,,,,,33.74,38.09,43.19,,66.83,67.11,67.23,67.40,-,-,0.73,0.73,,,,,,,,
,Maybrat,39.33,41.60,41.27,48.58,1,2,2,2,-,-,-,-,-,–,–,-,60.49,61.29,61.83,62.68,11.32,11.50,11.57,-,78.45,92.18,92.29,-,,,,,,,,,68.23,63.68,67.29,,65.53,65.82,65.97,66.21,-,-,0.71,0.71,,,,,,,,
,Tambrauw,29.26,32.88,45.92,44.22,1,1,1,1,-,-,-,-,-,–,–,-,56.62,57.53,58.31,59.28,5.64,5.71,5.89,-,69.38,70.35,71.39,-,,,,,,,,,83.29,76.12,85.56,,65.29,65.70,65.89,66.17,-,-,0.71,0.71,,,,,,,,
,Kota Sorong,67.72,74.18,76.32,62.60,-,6,4,4,-,-,-,-,-,–,–,-,79.47,80.11,80.55,81.03,8.16,8.24,8.40,-,91.86,79.08,79.65,-,,,,,,,,,77.83,83.56,83.69,,72.37,72.83,73.19,73.66,-,-,0.82,0.83,,,,,,,,
Papua Selatan,Merauke,80.10,83.08,84.07,65.56,6,1,4,4,-,40.98,46.17,45.64,-,44807.86,47162.09,79428.00,73.06,74.00,74.53,75.11,9.04,9.25,9.37,-,89.53,89.68,89.90,-,,,,,,,,,72.86,81.96,82.05,,71.03,71.27,71.41,71.65,0.79,0.79,-,0.79,,,181,,,,,
,Boven Digoel,38.87,40.55,43.19,46.51,1,1,2,2,-,-,39.31,44.55,-,–,6.48,-,66.33,67.32,68.16,68.62,9.03,9.25,9.42,-,80.25,80.75,81.07,-,,,,,,,,,62.93,70.08,73.45,,68.53,68.90,69.17,69.63,0.75,0.75,0.76,0.76,,,52,,,,,
,Mappi,33.82,47.85,35.44,42.36,1,2,1,1,-,-,-,43.94,-,–,–,6.00,59.75,60.71,61.66,62.60,6.78,6.95,7.16,-,84.93,85.18,85.93,-,,,,,,,,,33.47,37.27,39.08,,65.98,66.23,66.34,66.49,0.71,0.71,0.71,0.72,,,64,,,,,
,Asmat,38.98,36.69,45.99,46.17,1,1,2,2,-,-,-,-,-,–,–,-,55.80,56.85,57.63,58.55,5.36,5.58,5.82,-,55.66,56.26,58.32,-,,,,,,,,,29.48,20.46,20.32,,67.46,67.84,68.05,68.31,0.73,0.74,0.74,0.74,,,88,,,,,
Papua Pegunungan,Nduga,15.66,17.63,17.10,19.93,1,1,1,1,-,...,...,...,-,–,–,-,36.51,37.68,36.30,40.35,1.58,1.71,1.92,-,89.90,90.53,91.34,-,,,,,,,,,5.35,6.50,5.09,,63.84,63.88,63.90,63.94,-,-,0.68,0.68,,,,29,,,,
,Jayawijaya,25.00,27.68,30.40,42.51,1,1,1,1,-,43.59,43.87,43.99,-,14.14,9.66,79.00,63.85,64.81,61.03,66.02,5.74,5.98,5.99,-,85.55,86.14,86.41,-,,,,,,,,,26.82,29.07,33.50,,69.49,69.79,69.98,70.37,-,-,0.77,0.77,,,,65,,,,
,Lanny Jaya,19.18,21.60,21.33,31.51,1,1,1,1,-,...,...,...,-,–,–,-,49.87,50.81,51.59,52.47,3.59,3.71,3.83,-,93.93,94.17,94.47,-,,,,,,,,,0.73,1.60,3.07,,67.02,67.19,67.29,67.43,-,-,0.73,0.73,,,,21,,,,
,Tolikara,23.28,23.00,22.83,31.11,1,1,1,1,-,...,...,...,-,–,–,-,50.77,51.74,52.05,52.71,3.67,3.68,3.69,-,61.82,62.46,63.80,-,,,,,,,,,2.13,1.68,2.08,,66.81,67.03,67.22,67.52,-,-,0.73,0.73,,,,52,,,,
,Mamberamo Tengah,18.14,20.06,21.51,26.40,1,1,1,1,-,...,...,...,-,–,–,-,50.96,51.98,50.72,53.36,3.48,3.63,3.70,-,89.62,89.34,90.38,-,,,,,,,,,1.55,1.10,4.23,,68.81,68.93,68.99,69.09,-,-,0.75,0.76,,,,23,,,,
,Yalimo,22.37,23.95,37.80,37.42,1,1,1,1,-,...,...,...,-,–,–,-,49.90,50.87,51.85,52.63,3.19,3.34,3.55,-,85.30,85.96,86.44,-,,,,,,,,,0.60,0.50,31.40,,65.72,65.95,66.12,66.53,-,-,0.71,0.72,,,,23,,,,
,Yahukimo,22.31,21.95,25.62,27.41,1,1,1,1,-,...,...,...,-,–,–,-,50.25,51.19,51.98,52.48,4.28,4.34,4.35,-,74.56,75.56,76.69,-,,,,,,,,,11.99,12.15,7.36,,66.31,66.42,66.51,66.68,-,-,0.72,0.72,,,,145,,,,
,Pegunungan Bintang,24.10,51.99,25.07,33.28,1,3,1,1,-,...,...,...,-,–,–,-,47.54,48.51,49.36,50.56,3.23,3.37,3.51,-,81.77,81.97,83.03,-,,,,,,,,,28.26,21.05,12.38,,65.74,65.93,66.10,66.50,-,-,0.71,0.72,,,49,43,,,,
Papua Tengah,Mimika,80.55,81.83,83.64,62.88,6,6,4,4,-,0.00,30.16,37.22,-,0,4.33,35.07,75.08,75.91,76.85,77.27,10.20,10.47,10.72,-,77.50,77.79,78.43,-,,,,,,,,,80.46,77.34,86.27,,72.57,72.83,73.06,73.45,-,-,0.82,0.82,,,,,,,,
,Dogiyai,22.93,31.23,31.37,36.33,1,1,1,1,-,-,-,-,-,–,–,-,55.77,56.74,57.68,57.96,4.96,4.97,4.98,-,81.11,81.54,82.20,-,,,,,,,,,10.57,26.35,17.89,,66.25,66.49,66.59,66.75,-,-,0.72,0.72,,,,,,,,
,Deiyai,24.70,21.93,21.35,28.96,1,1,1,1,-,-,-,-,-,–,–,-,50.64,51.40,52.07,52.81,3.26,3.27,3.29,-,70.69,70.98,72.07,-,,,,,,,,,67.47,37.50,26.48,,66.27,66.52,66.66,66.84,-,-,0.72,0.72,,,,,,,,
,Nabire,69.19,78.07,66.97,59.00,5,6,3,3,-,44.24,42.32,38.18,-,2094,1431.79,964.15,70.46,71.36,71.77,72.89,10.16,10.33,10.42,-,90.86,91.20,91.42,-,,,,,,,,,85.51,88.60,93.23,,69.55,69.82,70.06,70.50,-,-,0.77,0.78,,,,,,,,
,Paniai,27.91,21.52,22.27,27.27,1,1,1,1,-,-,-,-,-,–,–,-,58.05,58.83,58.69,60.04,4.78,4.79,4.81,-,68.59,69.29,70.39,-,,,,,,,,,32.07,40.63,31.71,,69.21,69.49,69.64,69.84,-,-,0.76,0.77,,,,,,,,
,Intan Jaya,17.21,14.54,14.14,27.34,1,1,1,1,-,-,-,-,-,–,–,-,49.45,50.39,50.71,51.56,3.26,3.27,3.28,-,72.78,73.29,73.69,-,,,,,,,,,8.84,10.76,23.54,,66.50,66.68,66.74,66.85,-,-,0.72,0.72,,,,,,,,
,Puncak,18.27,20.10,30.12,23.75,1,1,1,1,-,-,-,-,-,–,–,-,43.99,44.71,45.60,45.95,2.17,2.19,2.39,-,85.08,85.63,86.98,-,,,,,,,,,11.51,1.84,-,,66.53,66.77,66.82,66.94,-,-,0.72,0.72,,,,,,,,
,Puncak Jaya,19.34,25.14,24.19,39.99,1,1,1,1,-,-,-,-,-,–,–,-,50.50,51.49,51.78,53.18,4.03,4.23,4.42,-,66.94,67.93,69.72,-,,,,,,,,,12.42,8.99,9.64,,67.51,67.77,67.91,68.16,-,-,0.74,0.74,,,,,,,,
Papua,Jayapura,70.62,72.14,66.89,64.83,5,5,4,4,27.82,46.13,43.81,45.57,501.41,470.64,630.72,283.00,73.92,74.74,74.11,76.14,10.27,10.32,10.57,10.77,91.43,91.60,91.63,92.01,,,,,,,,,66.82,74.28,70.53,,69.94,70.23,70.48,70.82,0.77,0.77,0.78,0.78,,,100,111,,,,
,Kepulauan Yapen,44.82,69.70,46.80,52.41,2,5,2,2,-,...,40.96,37.99,–,–,2.14,4.00,68.94,69.62,69.65,70.93,9.69,9.70,9.71,9.80,90.05,89.90,90.00,90.41,,,,,,,,,56.73,69.21,57.14,,70.55,70.72,70.85,71.05,0.78,0.78,0.78,0.79,,,112,102,,,,
,Biak Numfor,48.16,49.81,49.23,49.60,2,2,2,2,-,...,...,43.32,–,–,–,-,73.87,74.45,73.98,75.48,10.53,10.54,10.55,10.69,90.58,90.97,91.32,91.45,,,,,,,,,82.11,90.62,93.89,,70.56,70.75,70.92,71.21,0.78,0.78,0.78,0.79,,,83,86,,,,
,Sarmi,57.07,61.25,63.07,58.49,3,4,3,3,36.62,43.50,42.52,39.75,15.76,18.56,25.04,14.00,66.09,67.00,66.72,68.78,9.15,9.36,9.61,9.79,83.44,83.76,84.34,84.83,,,,,,,,,63.62,76.48,88.45,,69.44,69.68,69.91,70.25,0.76,0.76,0.77,0.77,,,23,41,,,,
,Keerom,61.22,71.92,54.21,56.32,4,5,3,3,38.46,38.60,39.68,39.12,32.45,36.34,104.96,86.00,68.37,69.25,68.68,70.43,8.31,8.57,8.58,8.78,87.37,87.96,88.16,88.66,,,,,,,,,69.41,78.65,81.99,,69.47,69.73,69.95,70.29,0.76,0.77,0.77,0.77,,,46,51,,,,
,Waropen,44.89,61.63,47.38,45.34,2,4,1,1,38.55,39.77,30.29,30.90,9.78,25.08,75.52,22.00,66.88,67.67,66.92,68.91,9.40,9.41,9.42,9.43,71.00,71.56,72.34,72.99,,,,,,,,,83.29,76.29,78.31,,69.32,69.54,69.72,69.94,0.76,0.76,0.76,0.77,,,35,35,,,,
,Supiori,29.87,30.41,32.69,46.13,1,1,2,2,-,...,39.31,...,–,–,6.21,-,64.88,65.84,65.15,67.30,9.09,9.20,9.21,9.39,77.93,78.33,78.89,79.31,,,,,,,,,73.29,73.86,79.06,,69.10,69.37,69.62,70.00,0.76,0.76,0.76,0.77,,,36,38,,,,
,Mamberamo Raya,22.96,22.51,23.09,46.97,1,1,2,2,-,...,...,...,–,–,–,-,57.43,58.49,55.00,60.48,6.12,6.28,6.49,6.74,83.36,83.77,83.97,84.27,,,,,,,,,44.63,49.88,43. 19,,68.45,68.75,68.95,69.21,0.75,0.75,0.75,0.76,,,45,26,,,,
,Kota Jayapura,74.64,74.18,78.35,61.21,-,6,3,3,37.31,43.81,47.41,39.96,337.82,289.56,223.98,24.00,81.02,81.51,81.67,82.26,11.74,11.84,12.07,12.08,94.74,94.76,94.78,95.06,,,,,,,,,78.29,85.33,88.12,,71.53,71.76,71.99,72.34,0.79,0.80,0.80,0.81,,,72,73,,,,
,,,,,,,,,,,,,,,,,,,,,,,,,,,,,,,,,,,,,,,,,,,,,,,,,,,,,,,,,
,,,,,,Keterangan :,,,,,,,,,,,,,,,,,,,,,,,,,,,,,,,,,,,,,,,,,,,,,,,,,,,
,,,,,,1 : sangat rentan,,,,,,,,,,,,,,,,,,,,,,,,,,,,,,,,,,,,,,,,,,,,,,,,,,,
,,,,,,2 : rentan,,,,,,,,,,,,,,,,,,,,,,,,,,,,,,,,,,,,,,,,,,,,,,,,,,,
,,,,,,3 : agak rentan,,,,,,,,,,,,,,,,,,,,,,,,,,,,,,,,,,,,,,,,,,,,,,,,,,,
,,,,,,4 : agak tahan,,,,,,,,,,,,,,,,,,,,,,,,,,,,,,,,,,,,,,,,,,,,,,,,,,,
,,,,,,5 : tahan,,,,,,,,,,,,,,,,,,,,,,,,,,,,,,,,,,,,,,,,,,,,,,,,,,,
,,,,,,6 : sangat tahan,,,,,,,,,,,,,,,,,,,,,,,,,,,,,,,,,,,,,,,,,,,,,,,,,,,